"kingdom","group","location","website"
"Kingdom of AEthelmearc","Barony of Blackstone Mountain","South-Central, WV","http://www.blackstonemountain.org"
"Kingdom of AEthelmearc","Barony of Delftwood","Syracuse, NY","http://delftwood.aethelmearc.org/"
"Kingdom of AEthelmearc","Barony of Endless Hills","Northeastern, PA","http://endlesshills.aethelmearc.org/"
"Kingdom of AEthelmearc","Barony of Rhydderich Hael","Niagara Frontier, NY","http://hael.aethelmearc.org/"
"Kingdom of AEthelmearc","Barony of St. Swithin’s Bog","Cambria, Somerset, Bedford and Westmoreland Co, PA","http://stswithinsbog.aethelmearc.org/"
"Kingdom of AEthelmearc","Barony of Thescorre","Rochester, NY","http://thescorre.aethelmearc.org/"
"Kingdom of AEthelmearc","Canton of Beau Fleuve","Niagara Falls, NY","http://beaufleuve.aethelmearc.org/"
"Kingdom of AEthelmearc","Canton of Dunloch","Oswego County, NY","https://dunloch.aethelmearc.org"
"Kingdom of AEthelmearc","College of Arx Collis","West Liberty University, WV","https://arxcollis.aethelmearc.org"
"Kingdom of AEthelmearc","College of Silva Vulcani","California University, PA","https://silvavulcani.wixsite.com/silvavulcani"
"Kingdom of AEthelmearc","Shire of Abhainn Ciach Ghlais","Clinton, Columbia, Lycoming, Montour, Northumberland, Snyder, Sullivan, Tioga, and Union Co, PA","http://www.shireofacg.org/"
"Kingdom of AEthelmearc","Shire of Angel's Keep","Auburn, NY","http://angelskeep.aethelmearc.org/"
"Kingdom of AEthelmearc","Shire of Ballachlagan","Northern Panhandle, WV","https://ballachlagan.aethelmearc.org/"
"Kingdom of AEthelmearc","Shire of Blackwater","Cattaraugus and Allegany, NY",""
"Kingdom of AEthelmearc","Shire of Coppertree","Rome and Utica, NY","http://coppertree.aethelmearc.org/"
"Kingdom of AEthelmearc","Shire of Courtlandtslot","Cortland Co, NY",""
"Kingdom of AEthelmearc","Shire of Hartstone","Livingston, Steuben Co, NY","http://hartstone.aethelmearc.org/"
"Kingdom of AEthelmearc","Shire of Heronter","Jamestown/Chautauqua Region, NY","https://heronter.aethelmearc.org/"
"Kingdom of AEthelmearc","Shire of Hunter's Home","Erie, Crawford, Mercer, Lawrence, Venango, Clarion, & Forest Counties, PA","http://huntershome.aethelmearc.org"
"Kingdom of AEthelmearc","Shire of King's Crossing","Washington and Greene Counties, PA","http://kingscrossing.aethelmearc.org/"
"Kingdom of AEthelmearc","Shire of Misty Highlands","North Central, WV","http://www.mistyhighlands.org"
"Kingdom of AEthelmearc","Shire of Nithgaard","State College, PA","http://nithgaard.aethelmearc.org/"
"Kingdom of AEthelmearc","Shire of Port Oasis","Huntington, WV","http://www.portoasis.org"
"Kingdom of AEthelmearc","Shire of Steltonwald","Beaver Co, PA","https://steltonwald.aethelmearc.org/"
"Kingdom of AEthelmearc","Shire of Sterlynge Vayle","Binghamton, NY","http://sterlyngevayle.aethelmearc.org/"
"Kingdom of AEthelmearc","Shire of Sunderoak","Butler, PA","http://sunderoak.aethelmearc.org"
"Kingdom of AEthelmearc","Shire of Sylvan Glen","Eastern Panhandle, WV","http://sylvanglen.aethelmearc.org/"
"Kingdom of AEthelmearc","Shire of Wyntersett","Watertown and Fort Drum, NY","http://wyntersetthome.org/"
"Kingdom of An Tir","Barony of Adiantum","Eugene, OR","http://adiantum.antir.sca.org/"
"Kingdom of An Tir","Barony of Aquaterra","Bremerton, WA","http://aquaterra.antir.sca.org/"
"Kingdom of An Tir","Barony of Blatha an Oir","Whitefish, MT","http://blathaanoir.antir.sca.org/"
"Kingdom of An Tir","Barony of Dragon's Mist","Hillsboro, OR","http://dragonsmist.antir.sca.org/"
"Kingdom of An Tir","Barony of Dragons Laire","Silverdale, WA","https://dragonslaire.antir.org/wordpress/"
"Kingdom of An Tir","Barony of Glymm Mere","Olympia, WA","https://glymmmere.antir.org/"
"Kingdom of An Tir","Barony of Glyn Dwfn","Medford, OR","http://glyndwfn.antir.sca.org"
"Kingdom of An Tir","Barony of Lions Gate","Vancouver, BC, Canada","http://lionsgate.tirrigh.org/"
"Kingdom of An Tir","Barony of Madrone","Seattle, WA","http://baronyofmadrone.net/"
"Kingdom of An Tir","Barony of Seagirt","Victoria, BC, Canada","http://seagirt.tirrigh.org/"
"Kingdom of An Tir","Barony of Stromgard","Surrey, BC, Canada","https://www.stromgard-sca.org/"
"Kingdom of An Tir","Barony of Terra Pomaria","Salem, OR","http://terrapomaria.antir.sca.org/"
"Kingdom of An Tir","Barony of Three Mountains","Portland, OR","http://baronyofthreemountains.org/"
"Kingdom of An Tir","Barony of Vulcanfeldt","Spokane, WA","https://vulcanfeldt.antir.org/"
"Kingdom of An Tir","Barony of Wastekeep","Kennewick, WA","https://wastekeep.antir.org"
"Kingdom of An Tir","Barony of Wealdsmere","Lynnwood, WA","http://wealdsmere.antir.org/"
"Kingdom of An Tir","Barony of Wyewood","Federal Way, WA","http://www.wyewood.org/wp/"
"Kingdom of An Tir","Canton of Akornebir","Mount Vernon, WA","https://akornebir.antir.org/wordpress/"
"Kingdom of An Tir","Canton of Caladphort","Oak Harbor, WA","https://glymmmere.antir.org/caladphort-officers/"
"Kingdom of An Tir","Canton of Crows Gate","Tacoma, WA","https://glymmmere.antir.org/crows-gate-officers/"
"Kingdom of An Tir","Canton of Kaldor Ness","Edmonds, WA","https://www.baronyofthreemountains.org/"
"Kingdom of An Tir","Canton of Misty Ridge","Issaquah, WA","https://antir.org"
"Kingdom of An Tir","Canton of Porte de l'Eau","Tukwila, WA","https://porte-de-leau.antir.org/"
"Kingdom of An Tir","College of Cranehaven","Bellingham, WA","https://antir.sca.wiki/index.php?title=Cranehaven"
"Kingdom of An Tir","College of Lyonsmarche","Seattle, WA","http://lyonsmarche.antir.org/"
"Kingdom of An Tir","Principality of Tir Righ","Burnaby, BC, Canada","http://www.tirrigh.org/"
"Kingdom of An Tir","Principality of the Summits","Springfield, OR","http://summits.antir.sca.org/"
"Kingdom of An Tir","Shire of Appledore","Prince Rupert, BC, Canada","https://www.facebook.com/AppledoreSCA"
"Kingdom of An Tir","Shire of Briaroak","Roseburg, OR","http://briaroak.antir.sca.org/"
"Kingdom of An Tir","Shire of Coeur du Val","Corvallis, OR","http://cdv.antir.org/"
"Kingdom of An Tir","Shire of Coill Mhór","Williams Lake, BC, Canada","https://coillmhor.tirrigh.org/"
"Kingdom of An Tir","Shire of Cold Keep","Whitehorse, YT, Canada","https://coldkeep.tirrigh.org/"
"Kingdom of An Tir","Shire of Corvaria","Bend, OR","http://corvaria.antir.sca.org/wp/"
"Kingdom of An Tir","Shire of Danescombe","Kelowna, BC, Canada","https://danescombe.tirrigh.org/"
"Kingdom of An Tir","Shire of Hartwood","Courtenay, BC, Canada","http://hartwood.tirrigh.org/"
"Kingdom of An Tir","Shire of Hauksgarðr","Bothell, WA","https://hauksgardr.antir.org/"
"Kingdom of An Tir","Shire of Krakafjord","Vernon, BC, Canada","https://www.facebook.com/groups/krakafjord"
"Kingdom of An Tir","Shire of Lionsdale","Squamish, BC, Canada","http://lionsdale.tirrigh.org/"
"Kingdom of An Tir","Shire of Mountain Edge","Florence, OR","https://mountainedge.antir.org"
"Kingdom of An Tir","Shire of Myrtle Holt","Coos Bay, OR","http://legacy.antir.org/Map/branches.php?reg=Summits"
"Kingdom of An Tir","Shire of Ramsgaard","Kamloops, BC, Canada","https://ramsgaard.tirrigh.org/"
"Kingdom of An Tir","Shire of River's Bend","Renton, WA","https://antir.sca.wiki/index.php/River%27s_Bend"
"Kingdom of An Tir","Shire of Southmarch","Ashland, OR","https://southmarch.antir.sca.org/"
"Kingdom of An Tir","Shire of Thornwold","Powell River, BC, Canada","http://thornwold.tirrigh.org/"
"Kingdom of An Tir","Shire of Tir Bannog","Prince George, BC, Canada","http://tirbannog.tirrigh.org/"
"Kingdom of An Tir","Shire of Tymberhavene","Klamath Falls, OR","http://tymberhavene.antir.sca.org/"
"Kingdom of Ansteorra","Barony of Bjornsborg","most of Texas and some of Oklahoma","https://ansteorra.org/bjornsborg"
"Kingdom of Ansteorra","Barony of Bonwicke","the city mundanely known as Lubbock, Texas","https://ansteorra.org/bonwicke"
"Kingdom of Ansteorra","Barony of Bordermarch","Beaumont, Texas","https://ansteorra.org/bordermarch"
"Kingdom of Ansteorra","Barony of Bryn Gwlad","Texas","https://ansteorra.org/bryn-gwlad"
"Kingdom of Ansteorra","Barony of Elfsea","Fort Worth","https://ansteorra.org/elfsea/"
"Kingdom of Ansteorra","Barony of Loch Soilleir","most of Texas and Oklahoma","https://ansteorra.org/loch-soilleir/"
"Kingdom of Ansteorra","Barony of Namron","Texas","https://ansteorra.org/namron"
"Kingdom of Ansteorra","Barony of Northkeep","the area of Northeastern Oklahoma","https://ansteorra.org/northkeep"
"Kingdom of Ansteorra","Barony of Wiesenfeuer","the Oklahoma City area","https://ansteorra.org/wiesenfeuer"
"Kingdom of Ansteorra","Barony of the Eldern Hills","the Lawton / Fort Sill, Oklahoma area","https://ansteorra.org/eldern-hills/"
"Kingdom of Ansteorra","Barony of the Stargate","two additional groups, the Barony of Ravensfort (Woodlands, Conroe, Huntsville) and the Barony of Loch Soilleir (Clear Lake, Galveston, and Brazoria C","https://ansteorra.org/stargate"
"Kingdom of Ansteorra","Barony of the Steppes","Texas","https://ansteorra.org/steppes"
"Kingdom of Ansteorra","Canton of Chemin Noir","the area in and around Bartlesville, OK","https://ansteorra.org/chemin-noir/"
"Kingdom of Ansteorra","Canton of Glaslyn","Texas","https://ansteorra.org/glaslyn"
"Kingdom of Ansteorra","Canton of Myrgenfeld","the area mundanely known as Guthrie, OK","https://ansteorra.org/myrgenfeld/"
"Kingdom of Ansteorra","Canton of Skorragarðr","Lincoln, Okfuskee, Pottawatomie and Seminole counties in Oklahoma (see Maps page)","https://ansteorra.org/skorragardr/"
"Kingdom of Ansteorra","Province of Mooneschadowe","the city of Stillwater, Oklahoma","https://ansteorra.org/mooneschadowe/"
"Kingdom of Ansteorra","Riding of Marata","the area mundanely known as Enid","https://ansteorra.org/marata/"
"Kingdom of Ansteorra","Shire of Adlersruhe","Amarillo, Texas","https://ansteorra.org/adlersruhe/"
"Kingdom of Ansteorra","Shire of Brad Leah","a large area of Northern Texas encompassing Wichita Falls, Burkburnett, Iowa Park, Holliday, Olney, Vernon, Jacksboro, and the surrounding areas","https://ansteorra.org/brad-leah"
"Kingdom of Ansteorra","Shire of Ffynnon Gath","the states of Oklahoma and Texas","https://ansteorra.org/ffynnon-gath/"
"Kingdom of Ansteorra","Shire of Graywood","Lufkin, Nacogdoches, and Tyler, Texas","https://ansteorra.org/graywood/"
"Kingdom of Ansteorra","Shire of Rosenfeld","Texas","https://ansteorra.org/rosenfeld"
"Kingdom of Ansteorra","Shire of Seawinds","Texas","https://ansteorra.org/seawinds/"
"Kingdom of Ansteorra","Shire of the Shadowlands","the area mundanely known as the greater Bryan-College Station area and surrounding counties","https://ansteorra.org/shadowlands"
"Kingdom of Ansteorra","Stronghold of Hellsgate","parts of Texas and Oklahoma","https://ansteorra.org/hellsgate"
"Kingdom of Artemisia","Barony of Arn Hold","Boise, ID and Nampa, ID","https://www.facebook.com/groups/baronyarnhold/"
"Kingdom of Artemisia","Barony of Bronzehelm","Billings, MT","http://www.bronzehelm.org"
"Kingdom of Artemisia","Barony of Gryphon's Lair","Ogden, UT","https://www.facebook.com/groups/gryphonslair/"
"Kingdom of Artemisia","Barony of Loch Salann","Salt Lake City, UT","http://www.lochsalann.org"
"Kingdom of Artemisia","Barony of One Thousand Eyes","Idaho Falls, ID","https://onethousandeyes.org"
"Kingdom of Artemisia","Barony of Sentinels' Keep","Missoula/Butte, MT","https://www.sentinels-keep.org"
"Kingdom of Artemisia","Shire of Arrow's Flight","Provo, UT","http://arrowsflight.org/"
"Kingdom of Artemisia","Shire of Cote du Ciel","Logan/Willard/Brigham City , UT","https://www.facebook.com/groups/372899743885/"
"Kingdom of Artemisia","Shire of River Serponnde","Twin Falls, ID","https://www.facebook.com/groups/shireriverserpent"
"Kingdom of Artemisia","Shire of Silver Keep","Bozeman. MT","https://www.facebook.com/groups/366020795445/"
"Kingdom of Artemisia","Shire of Stan Wyrm","Great Falls, MT","https://www.facebook.com/groups/shireofstanwyrm/"
"Kingdom of Artemisia","Shire of Stonegate","Pocatello, ID","https://www.facebook.com/ShireOfStonegate"
"Kingdom of Artemisia","Shire of Windegate","Shelby, MT","https://www.facebook.com/groups/391521170049"
"Kingdom of Atenveldt","Barony Of Mons Tonitrus","Arizona","http://bmmt.org"
"Kingdom of Atenveldt","Barony of Atenveldt","Arizona","http://baronyofatenveldt.org"
"Kingdom of Atenveldt","Barony of Ered Sul","Arizona","http://baronyoferedsul.org"
"Kingdom of Atenveldt","Barony of Granite Mountain","Arizona","http://baronyofgranitemountain.org"
"Kingdom of Atenveldt","Barony of Sun Dragon","Arizona","http://baronyofsundragon.org"
"Kingdom of Atenveldt","Barony of Tir Ysgithr","Arizona","http://btysca.org"
"Kingdom of Atenveldt","Barony of Twin Moons","Arizona","http://baronyoftwinmoons.org"
"Kingdom of Atenveldt","Shire of Burning Sands","Arizona","http://burningsands.atenveldt.org"
"Kingdom of Atenveldt","Shire of Windale","Arizona","http://windale.atenveldt.org"
"Kingdom of Atlantia","Barony of Black Diamond","Cities of Bedford, Covington, Lexington and Lynchburg, Appomattox, Bedford, Campbell, Craig, Floyd, Giles, Montgomery, Pittsylvania, Pulaski, Radford, Roanoke, Rockbridge, Salem, Tazewll, Wise","http://black-diamond.atlantia.sca.org"
"Kingdom of Atlantia","Barony of Bright Hills","Baltimore, Carrol, Cecil, Harford","http://brighthills.atlantia.sca.org"
"Kingdom of Atlantia","Barony of Caer Mear","Cities of Colonial Heights, Hopewell, Petersburg, and Richmond, Albemarle, Amelia, Caroline, Charles City, Charlotte, Chesterfield, Dinwiddie, Fluvanna, Gloucester, Goochland, Hanover, Henrico, King and Queen , King William, Louisa, Mathews, Middlesex, New Kent, Powhatan, Prince George, Spotsylvania","http://caermear.atlantia.sca.org"
"Kingdom of Atlantia","Barony of Dun Carraig","Calvert, Charles, St","http://www.duncarraig.net"
"Kingdom of Atlantia","Barony of Hawkwood","Buncombe, Cherokee, Clay, Graham, Haywood, Henderson, Jackson, Macon, Madison, Mcdowell, Polk, Rutherford, Swain, Transylvania, Yancey","http://hawkwood.atlantia.sca.org"
"Kingdom of Atlantia","Barony of Hidden Mountain","Beaufort, Colleton, Georgetown, Jasper, Orangeburg, Williamsburg","http://hiddenmountain.atlantia.sca.org"
"Kingdom of Atlantia","Barony of Highland Foorde","Allegany, Frederick, Garrett, Washington","http://highland-foorde.atlantia.sca.org"
"Kingdom of Atlantia","Barony of Lochmere","Anne Arundel, Howard","http://lochmere.atlantia.sca.org"
"Kingdom of Atlantia","Barony of Marinus","Cities of Cheasapeake, Norfolk, Portsmouth, Suffolk and Virgina Beach, Isle of Wight","http://www.baronyofmarinus.com"
"Kingdom of Atlantia","Barony of Nottinghill Coill","Abbeville, Aiken, Allendale, Bamberg, Barnwell, Calhoun, Chester, Clarendon, Colleton, Edgefield, Greenwood, Hampton, Jasper, Lancaster, McCormick, Newberry, Orangeburg, Saldua, York","http://www.nottinghillcoill.atlantia.sca.org"
"Kingdom of Atlantia","Barony of Ponte Alto","Arlington, Fairfax","http://pontealto.atlantia.sca.org"
"Kingdom of Atlantia","Barony of Raven's Cove","Onslow","http://ravenscove.atlantia.sca.org"
"Kingdom of Atlantia","Barony of Sacred Stone","Polk, Rowan, Rutherford, Wilkes, Ashe, Alleghany, Surry, Stokes, Rockingham, Watauga, Yadkin, Forsyth, Guilford, Avery, Caldwell, Alexander, Iredell, Davidson, Randolph, Burke, Catawba, Cleveland, Lincoln, Gason, Mecklenburt, Cabbarus, Stanly, Anson and Union","http://sacredstone.atlantia.sca.org"
"Kingdom of Atlantia","Barony of Stierbach","Clarke, Essex, Fairfax, Fauquier, Frederick, King George, Loudoun, Orange, Prince William, Rappahannock, Russell, Spotsylvania, Stafford, Warren, Westmoreland","http://stierbach.org"
"Kingdom of Atlantia","Barony of Storvik","District of Columbia, Prince Georges, Montgomery","http://storvik.atlantia.sca.org"
"Kingdom of Atlantia","Barony of Tir-y-Don","Cities of Hampton, Newport News and Poquoson, Gloucester, James City, York","http://tirydon.atlantia.sca.org"
"Kingdom of Atlantia","Barony of Windmasters' Hill","Almance, Caswell, Chatham, Cumberland, Durham, Franklin, Granville, Halifax, Harnett, Hoke, Johnston, Lee, Moore, Nash, Orange, Person, Robeson, Rockingham, Sampson, Scotland, Vance, Wake, Warren, Wayne, Wilson","http://www.windmastershill.org"
"Kingdom of Atlantia","Canton of Aire Faucon","Cleveland, Gaston, Lincoln, Rutherford","http://airefaucon.atlantia.sca.org"
"Kingdom of Atlantia","Canton of Attilium","Bladen, Cumberland, Hoke, Robeson, Sampson, Scotland","https://www.windmastershill.org/wordpress/cantons/attilium/"
"Kingdom of Atlantia","Canton of Brockore Abbey","Chesterfield, Darlington, Kershaw, Lee, Marlboro, Sumter","https://brockore.wixsite.com/brockore-abbey"
"Kingdom of Atlantia","Canton of Buckston-on-Eno","Durham, Granville","http://buckston.atlantia.sca.org"
"Kingdom of Atlantia","Canton of Charlesbury Crossing","Anson, Cabarrus, Mecklenburg, Stanly, Union","http://charlesbury.atlantia.sca.org"
"Kingdom of Atlantia","Canton of Cydllan Downs","Fairfield, Lexington, Richland","http://www.nottinghillcoill.atlantia.sca.org/Cyddlan_Downs.html"
"Kingdom of Atlantia","Canton of Elvegast","Wake","http://elvegast.atlantia.sca.org"
"Kingdom of Atlantia","Canton of Falconcree","Cherokee, Greenville, Laurens, Spartanburg, Union","http://falconcree.org"
"Kingdom of Atlantia","Canton of Kapellenberg","Durham, Orange","http://kapellenberg.atlantia.sca.org"
"Kingdom of Atlantia","Canton of Middlegate","Davidson, Guilford, Randolph, Rockingham, Stokes","http://middlegate.atlantia.sca.org"
"Kingdom of Atlantia","Canton of Misty Marsh by the Sea","Clarendon, Dillon, Florence, Horry, Marion","http://www.hiddenmountain.atlantia.sca.org/misty-marsh-by-the-sea/"
"Kingdom of Atlantia","Canton of Moorhaven","City of Myrtle Beach","http://www.hiddenmountain.atlantia.sca.org/canton-of-moorhaven/"
"Kingdom of Atlantia","Canton of Nimenefeld","Harnett, Johnston, Wake","https://www.windmastershill.org/wordpress/cantons/nimenefeld/"
"Kingdom of Atlantia","Canton of Ritterwald","Aiken, Allendale, Barnwell, Edgefield","http://ritterwald.atlantia.sca.org/"
"Kingdom of Atlantia","Canton of Saint Georges","Anderson, Oconee, Pickens","http://stgeorge.atlantia.sca.org"
"Kingdom of Atlantia","Canton of Salesberie Glen","Rowan","http://salesberieglen.atlantia.sca.org"
"Kingdom of Atlantia","Canton of Stormwall","Cherokee, Clay, Graham, Haywood, Jackson, Macon, Swain","https://sites.google.com/site/stormwallsca/"
"Kingdom of Atlantia","Canton of Sudentorre","Caroline, Fredericksburg, King George, Spotsylvania, Stafford","http://sudentorre.atlantia.sca.org"
"Kingdom of Atlantia","Canton of Tear-Sea's Shore","Berkeley, Charleston, Colleton, Dorchester","http://www.hiddenmountain.atlantia.sca.org/canton-of-tear-seas-shore/"
"Kingdom of Atlantia","Shire of Border Vale Keep","City of Augusta","http://bordervalekeep.atlantia.sca.org"
"Kingdom of Atlantia","Shire of Isenfir","Cities of Charlotteville, Harrisonburg and Staunton, Albemarle, Greene, Madison, Nelson, Orange, Rockingham, Upper Augusta","http://isenfir.atlantia.sca.org"
"Kingdom of Atlantia","Shire of Roxbury Mill","Montgomery","http://roxburymill.atlantia.sca.org"
"Kingdom of Atlantia","Shire of Seareach","Brunswick, Columbus, Duplin, New Hanover, Kure Beach, Onslow, Pender, Sampson","https://www.seareach.atlantia.sca.org/"
"Kingdom of Atlantia","Shire of Spiaggia Levantina","Eastern Shore of Maryland","http://www.spiaggia-levantina.org"
"Kingdom of Atlantia","Shire of Ursus Bay","Craven County","http://ursus-bay.atlantia.sca.org/"
"Kingdom of Avacal","Barony of Borealis","Edmonton",""
"Kingdom of Avacal","Barony of Montengarde","Calgary","http://www.montengarde.org"
"Kingdom of Avacal","Barony of Myrgan Wood","Saskatoon","http://www.myrganwood.org/"
"Kingdom of Avacal","Shire of Ayresgarde","Cranbrook and Kimberly, BC and area",""
"Kingdom of Avacal","Shire of Bordergate","Cold Lake, AB and area",""
"Kingdom of Avacal","Shire of Sigelhundas","Regina, SK and area",""
"Kingdom of Avacal","Shire of Valley Wold","Moose Jaw, SK and area","https://www.facebook.com/groups/valleywold"
"Kingdom of Avacal","Shire of Vinjar","Grande Prairie, AB and area","https://www.facebook.com/groups/274358419340188"
"Kingdom of Avacal","Shire of Windwyrm","Lethbridge, AB and area","https://shire-of-windwyrm.carrd.co/"
"Kingdom of Caid","Barony of Altavia","San Fernando Valley, north of Los Angeles, Ca., including Canyon Country","https://altavia.sca-caid.org/"
"Kingdom of Caid","Barony of Calafia","San Diego and Imperial Counties","https://places.sca-caid.org/calafia/"
"Kingdom of Caid","Barony of Dreiburgen","Riverside and San Bernardino counties","https://dreiburgen.sca-caid.org/"
"Kingdom of Caid","Barony of Dun Or","Antelope Valley (including Lancaster and Palmdale), CA, Tehachapi, CA, California City, CA, and Edwards AFB","https://dunor.sca-caid.org/"
"Kingdom of Caid","Barony of Gyldenholt","Orange County","http://places.sca-caid.org/Gyldenholt"
"Kingdom of Caid","Barony of Lyondemere","South Bay and Long Beach areas of Los Angeles County","https://lyondemere.sca-caid.org/"
"Kingdom of Caid","Barony of Naevehjem","Centered around Ridgecrest, CA; includes the Owens Valley","http://places.sca-caid.org/naevehjem"
"Kingdom of Caid","Barony of Nordwache","Madera, Fresno, Kings, and Tulare Counties","http://places.sca-caid.org/nordwache"
"Kingdom of Caid","Barony of Starkhafn","Southern Nevada (Clark County)","https://starkhafn.sca-caid.org/"
"Kingdom of Caid","Barony of Western Seas","The Hawaiian Islands","https://westernseas.sca-caid.org/"
"Kingdom of Caid","Barony of Wintermist","Kern County","https://places.sca-caid.org/wintermist/"
"Kingdom of Caid","Barony of the Angels","Los Angels Area","http://places.sca-caid.org/angels"
"Kingdom of Caid","Shire Of Carreg Wen","Lompoc","https://carreg-wen.sca-caid.org/"
"Kingdom of Caid","Shire of Al-Sahid","Barstow/Victorville, Wrightwood, Big Bear","http://places.sca-caid.org/alsahid/"
"Kingdom of Caid","Shire of Darach","Ventura County","https://places.sca-caid.org/darach/"
"Kingdom of Caid","Shire of the Isles","Santa Barbara County","https://places.sca-caid.org/isles"
"Kingdom of Calontir","Barony Of Vatavia","Missouri","https://vatavia.calontir.org"
"Kingdom of Calontir","Barony of Coeur d'Ennui","Des Moines, Iowa","https://cde.calontir.org"
"Kingdom of Calontir","Barony of Forgotten Sea","Missouri","https://forgottensea.calontir.org"
"Kingdom of Calontir","Barony of Mag Mor","Missouri","https://magmor.calontir.org"
"Kingdom of Calontir","Barony of Three Rivers","Missouri","https://b3r.calontir.org"
"Kingdom of Calontir","Barony of the Lonely Tower","Missouri","https://lonelytower.calontir.org"
"Kingdom of Calontir","Shire of Cum An Iolair","southern Johnson County and all of Miami county Kansas","https://shirecai.calontir.org"
"Kingdom of Calontir","Shire of Heraldshill","Missouri","https://heraldshill.calontir.org"
"Kingdom of Calontir","Shire of Lilies War","Missouri","https://lilieswar.org/"
"Kingdom of Calontir","Shire of Lost Moor","Missouri","https://lostmoor.calontir.org"
"Kingdom of Drachenwald","Barony of Aarnimetsä","Finland",""
"Kingdom of Drachenwald","Barony of Eplaheimr","Ireland: midlands, west & south counties",""
"Kingdom of Drachenwald","Barony of Gotvik","Göteborg",""
"Kingdom of Drachenwald","Barony of Knights Crossing","Germany",""
"Kingdom of Drachenwald","Barony of Styringheim","Gotland",""
"Kingdom of Drachenwald","Canton of Drei Eichen","Großraum Köln, Bonn",""
"Kingdom of Drachenwald","Canton of Hukka","Helsinki area",""
"Kingdom of Drachenwald","Canton of Humalasalo","Tampere, Hämeenlinna, Lahti, Valkeakoski",""
"Kingdom of Drachenwald","Canton of Kaarnemaa","Oulu",""
"Kingdom of Drachenwald","Canton of Meadowmarsh","Frankfurt, Darmstadt, Hanau",""
"Kingdom of Drachenwald","Canton of Miehonlinna","Kouvola, Valkeala, Kuusankoski",""
"Kingdom of Drachenwald","Canton of Poukka","Kotka",""
"Kingdom of Drachenwald","Canton of Roterde","Dortmund, Bochum, Essen, Recklinghausen",""
"Kingdom of Drachenwald","Canton of Turmstadt","Bamberg, Erlangen, Nürnberg, Lichtenfels, Grafenwöhr, Hohenfels (Bayern)",""
"Kingdom of Drachenwald","Canton of Unikankare","Turku",""
"Kingdom of Drachenwald","Canton of Vielburgen","Kaiserslautern, Saarbrücken, KMC, Donnersbergkreis",""
"Kingdom of Drachenwald","College of St John of Rila","Kyustendil and Blagoevgrad Oblasts, Bulgaria",""
"Kingdom of Drachenwald","Shire of Ad Flumen Caerulum","Austria",""
"Kingdom of Drachenwald","Shire of Aros","Uppsala",""
"Kingdom of Drachenwald","Shire of Attemark","Skåne",""
"Kingdom of Drachenwald","Shire of Baggeholm","Blekinge",""
"Kingdom of Drachenwald","Shire of Depedene under Wychwood","UK: northern England",""
"Kingdom of Drachenwald","Shire of Dun in Mara","Ireland: Dublin & east counties",""
"Kingdom of Drachenwald","Shire of Fjellom","Jämtland",""
"Kingdom of Drachenwald","Shire of Flintheath","UK: east Anglia",""
"Kingdom of Drachenwald","Shire of Frostheim","Norrbotten (i.e. Luleå, Piteå, Boden)",""
"Kingdom of Drachenwald","Shire of Glen Rathlin","Ireland: northern counties; UK: Northern Ireland",""
"Kingdom of Drachenwald","Shire of Gyllengran","Medelpad (i.e. Sundsvall)",""
"Kingdom of Drachenwald","Shire of Harpelstane","UK: Scotland",""
"Kingdom of Drachenwald","Shire of Holmrike","Stockholm",""
"Kingdom of Drachenwald","Shire of Juneborg","Jönköping",""
"Kingdom of Drachenwald","Shire of Löghammar","Västmanland",""
"Kingdom of Drachenwald","Shire of Mynydd Gwyn","UK: Wales and western England",""
"Kingdom of Drachenwald","Shire of Polderslot","Netherlands",""
"Kingdom of Drachenwald","Shire of Pont Alarch","UK: central England",""
"Kingdom of Drachenwald","Shire of Reengarda","Skellefteå",""
"Kingdom of Drachenwald","Shire of Thamesreach","UK: greater London, England",""
"Kingdom of Drachenwald","Shire of Trivium","Belgium",""
"Kingdom of Drachenwald","Shire of Ulvberget","Skaraborg",""
"Kingdom of Drachenwald","Shire of Uma","Umeå",""
"Kingdom of Drachenwald","Shire of West Dragonshire","UK: southern England",""
"Kingdom of Drachenwald","Shire of Örehus","Helsingborg",""
"Kingdom of Ealdormere","Barony of Ben Dunfirth","Hamilton, Ontario, Canada","https://ealdormere.ca/ben-dunfirth/"
"Kingdom of Ealdormere","Barony of Ramshaven","Guelph, Ontario, Canada","https://ealdormere.ca/barony-of-ramshaven/"
"Kingdom of Ealdormere","Barony of Rising Waters","Niagara Falls, Ontario, Canada","https://ealdormere.ca/barony-of-rising-waters/"
"Kingdom of Ealdormere","Barony of Septentria","Toronto, Ontario, Canada","https://ealdormere.ca/barony-of-septentria"
"Kingdom of Ealdormere","Barony of Skraeling Althing","Ottawa, Ontario, Canada","http://www.skraelingalthing.com/"
"Kingdom of Ealdormere","Canton of Ardchreag","Scarborough, Ontario, Canada","https://ardchreag.wordpress.com/"
"Kingdom of Ealdormere","Canton of Beremere","Belleville, Ontario, Canada","https://ealdormere.ca/beremere/"
"Kingdom of Ealdormere","Canton of Bryniau Tywynnog","Renfrew County, Ontario, Canada","https://ealdormere.ca/bryniau-tywynnog/"
"Kingdom of Ealdormere","Canton of Caldrithig","Carleton Place, Ontario, Canada","http://www.skraelingalthing.com/caldrithig/"
"Kingdom of Ealdormere","Canton of Monadh","Almonte, Ontario, Canada","https://ealdormere.ca/canton-of-monadh"
"Kingdom of Ealdormere","Canton of Northgeatham","Aurora, Ontario, Canada","https://ealdormere.ca/canton-of-northgeatham/"
"Kingdom of Ealdormere","Canton of Petrea Thule","Sault Ste. Marie, Ontario, Canada","https://ealdormere.ca/petrea-thule"
"Kingdom of Ealdormere","Canton of Skeldergate","Etobicoke, Ontario, Canada",""
"Kingdom of Ealdormere","Canton of Vest Yorvik","Newmarket, Ontario, Canada",""
"Kingdom of Ealdormere","Shire of Bastille du Lac","Sarnia, Ontario, Canada","https://ealdormere.ca/bastille-du-lac"
"Kingdom of Ealdormere","Shire of Champcorbeau","Sault Ste. Marie, Ontario, Canada","https://www.ealdormere.ca/champcorbeau/"
"Kingdom of Ealdormere","Shire of Trinovantia Nova","London, Ontario, Canada","https://ealdormere.ca/trinovantia-nova"
"Kingdom of Ealdormere","Shire of Ulfheim","The Honourable",""
"Kingdom of Ealdormere","Stronghold of Greyfells","Ontario, Canada","http://skraelingalthing.com/wp/greyfells/"
"Kingdom of Ealdormere","Stronghold of Tor Brant skraelingalthing.com/wp/torbrant/","Ontario, Canada","http://www.skraelingalthing.com/wp/torbrant/"
"Kingdom of Gleann Abhann","Barony of Axemoor","New Orleans, LA Area south of Lake Pontchartrain","http://www.axemoor.net/"
"Kingdom of Gleann Abhann","Barony of Grey Niche","Memphis, TN and surrounding area","http://www.greyniche.net/"
"Kingdom of Gleann Abhann","Barony of Seleone","Gulfport/Biloxi, MS and surrounding area","http://seleone.org"
"Kingdom of Gleann Abhann","Barony of Small Gray Bear","Central Arkansas including Little Rock, North Little Rock, Sherwood, Jacksonville, Pine Bluff and surrounding areas","http://www.smallgraybear.org/"
"Kingdom of Gleann Abhann","Province of Lagerdamm","Conway, AR and surrounding Areas","http://www.lagerdamm.org/"
"Kingdom of Gleann Abhann","Shire of Ardanroe","Shreveport, LA and surrounding area",""
"Kingdom of Gleann Abhann","Shire of Blackmoor Keep","Lake Charles, LA and surrounding area",""
"Kingdom of Gleann Abhann","Shire of Caer Dun","Southeast, MS (east of the Barony of Seleone)","http://caerdun.net"
"Kingdom of Gleann Abhann","Shire of Coill Fhionnabhann","Searcy, AR",""
"Kingdom of Gleann Abhann","Shire of Dragoun’s Weal","Laurel/Hattiesburg, MS and surrounding area",""
"Kingdom of Gleann Abhann","Shire of Iron Ox","Jackson, MS and surrounding area","http://ironox.org/"
"Kingdom of Gleann Abhann","Shire of Loch Bais","Natchitoches, LA and surrounding area",""
"Kingdom of Gleann Abhann","Shire of Ravenshold","Jonesboro, AR",""
"Kingdom of Gleann Abhann","Shire of Smythkepe","Fort Smith, AR and surrounding areas",""
"Kingdom of Gleann Abhann","Shire of Tor An Riogh","Starkville/Columbus/Tupelo, MS and surrounding area",""
"Kingdom of Gleann Abhann","Shire of Troll Fen","Lafayette, LA and surrounding area","http://troll-fen.org"
"Kingdom of Gleann Abhann","Shire of Vogelburg","Alexandria, LA and surrounding area",""
"Kingdom of Gleann Abhann","Shire of Wyrmgeist","Baton Rouge, LA and surrounding area","http://www.wyrmgeist.org/"
"Kingdom of Lochac","Barony of Aneala","Perth, Western Australia","https://aneala.lochac.sca.org/"
"Kingdom of Lochac","Barony of Ildhafn","Schlaepher Park,  41C Ostrich Farm Road, Pukekohe","https://ildhafn.lochac.sca.org/"
"Kingdom of Lochac","Barony of Innilgard","Adelaide, Australia","https://innilgard.lochac.sca.org/"
"Kingdom of Lochac","Barony of Kraé","Australia","https://kraeglas.lochac.sca.org/"
"Kingdom of Lochac","Barony of Mordenvale","Newcastle, New South Wales, and covers the Central and North Coasts of NSW","https://mordenvale.lochac.sca.org/"
"Kingdom of Lochac","Barony of River Haven","Brisbane, Queensland, Australia","https://riverhaven.lochac.sca.org/"
"Kingdom of Lochac","Barony of Rowany","Sydney, New South Wales, Australia","https://rowany.lochac.sca.org/"
"Kingdom of Lochac","Barony of Southron Gaard","the South Island of New Zealand (principally in Christchurch, Dunedin, Timaru, Nelson, and Invercargill) and is a branch","https://sg.lochac.sca.org/"
"Kingdom of Lochac","Barony of Stormhold","Victoria, Australia","https://stormhold.lochac.sca.org/"
"Kingdom of Lochac","Barony of Ynys Fawr","Hobart, Tasmania, Australia","https://ynysfawr.lochac.sca.org/"
"Kingdom of Lochac","Canton of Burnfield","Melbourne, Victoria, Australia","https://burnfield.lochac.sca.org/"
"Kingdom of Lochac","Canton of Okewaite","Wellington, New Zealand","https://okewaite.lochac.sca.org/"
"Kingdom of Lochac","Canton of Stowe-on-the-Wowld","Melbourne, Victoria, Australia","https://stowe.lochac.sca.org/"
"Kingdom of Lochac","College of Blessed Herman the Cripple","Sydney, New South Wales, Australia","https://blessedherman.lochac.sca.org/"
"Kingdom of Lochac","College of St Basil the Great","Brisbane, Queensland, Australia","https://stbasil.lochac.sca.org/"
"Kingdom of Lochac","College of St Christina the Astonishing","Melbourne, Victoria, Australia","https://stchristina.lochac.sca.org/"
"Kingdom of Lochac","College of St Monica","Wollongong, New South Wales, Australia","https://stmonica.lochac.sca.org/"
"Kingdom of Lochac","College of St Ursula","Sydney, New South Wales, Australia","https://stursula.lochac.sca.org/"
"Kingdom of Lochac","Shire of Adora","the whole NSW south coast region","https://adora.lochac.sca.org/"
"Kingdom of Lochac","Shire of Bordescros","your insurance, by signing up","https://bordescros.lochac.sca.org/"
"Kingdom of Lochac","Shire of Darton","Wollongong, New South Wales, Australia","https://darton.lochac.sca.org/"
"Kingdom of Lochac","Shire of Dismal Fogs","Blackheath, NSW, in the Blue Mountains Dates: … Continue reading → Posted in Uncategorized 3rd Sunday Monthly Gatherings","https://dismalfogs.lochac.sca.org/"
"Kingdom of Meridies","Barony of Bryn Madoc","Athens, Jefferson, Commerce, Watkinsville, Monroe, Winder, and points in-between","https://brynmadoc.meridies.org/"
"Kingdom of Meridies","Barony of Glaedenfeld","Greater Nashville area","https://glaedenfeld.meridies.org/"
"Kingdom of Meridies","Barony of Iron Mountain","Greater Birmingham area and Shelby County","https://ironmountain.meridies.org/"
"Kingdom of Meridies","Barony of Osprey","Mobile and Baldwin County","https://osprey.meridies.org/"
"Kingdom of Meridies","Barony of South Downs","Atlanta Metropolitan area","https://southdowns.meridies.org/"
"Kingdom of Meridies","Barony of Thor’s Mountain","Knoxville","https://thorsmountain.meridies.org/"
"Kingdom of Meridies","Canton of Hochwald","Corryton","https://thorsmountain.meridies.org/"
"Kingdom of Meridies","Canton of South Reach","Pulaski","https://glaedenfeld.meridies.org/"
"Kingdom of Meridies","College of Phoenix Rising","Oxford and Anniston area","https://phoenixrising.meridies.org/"
"Kingdom of Meridies","Province of Glynn Rhe","Decatur/Morgan/Limestone / Huntsville and Madison County","https://glynnrhe.meridies.org/"
"Kingdom of Meridies","Shire Des Forges","Trussville","https://desforges.meridies.org/"
"Kingdom of Meridies","Shire of Arenal","Pensacola and Counties of Escambia and Santa Rosa","https://arenal.meridies.org/"
"Kingdom of Meridies","Shire of Beau Fort","Gainesville, including Rabun, Hall, Forsyth, Banks, Lumpkin, Habersham and Dawson counties","https://beaufort.meridies.org/"
"Kingdom of Meridies","Shire of Crimson River","Clarksville","https://crimsonriver.meridies.org/wp/"
"Kingdom of Meridies","Shire of Depedale","Douglasville, Villa Rica, Austell, Lithia Springs, Hiram, and Winston, GA","https://depedale.meridies.org/"
"Kingdom of Meridies","Shire of Drakenmere","Statesbor o, Louisville , and Brooklet","http://drakenmere.meridies.org/"
"Kingdom of Meridies","Shire of Easaraigh","Cookeville","https://easaraigh.meridies.org/"
"Kingdom of Meridies","Shire of Forth Castle","Greater Savannah area","https://forthcastle.meridies.org/"
"Kingdom of Meridies","Shire of Loch Cairn","Manchester, McMinnville, Sewanee, Tullahoma, and WInchester","http://lochcairn.meridies.org/"
"Kingdom of Meridies","Shire of Loch an Fhraoich","Bowling Green","https://lakeofheather.meridies.org"
"Kingdom of Meridies","Shire of Marion Glen","Columbus / Americus","https://marionglen.meridies.org/"
"Kingdom of Meridies","Shire of Nant-y-Derwyddon","NE Tennessee and the SW Corner of Virginia","https://nyd.meridies.org/"
"Kingdom of Meridies","Shire of Okeborne Keep","Tuscaloosa","https://okebornekeep.meridies.org/"
"Kingdom of Meridies","Shire of Owl's Nest","Bartow, Cherokee, Cobb, Gordon, Paulding, and Pickens","https://owlsnest.meridies.org/"
"Kingdom of Meridies","Shire of Phoenix Glade","Fort Walton Beach, Niceville, Destin, Crestview, and surrounding areas","https://phoenixglade.meridies.org/"
"Kingdom of Meridies","Shire of Redewolfden","Murray","http://redewolfden.meridies.org/"
"Kingdom of Meridies","Shire of Rising Stone","Murfreesboro","https://risingstone.meridies.org/"
"Kingdom of Meridies","Shire of Sol Haven","Rockdale, Newton, Walton, Jasper, Butts, Henry, and Morgan",""
"Kingdom of Meridies","Shire of Thorngill","Greater Montgomery area","https://thorngill.meridies.org/"
"Kingdom of Meridies","Shire of Tir Briste","Warner-Robbins/Macon","https://tirbriste.meridies.org/"
"Kingdom of Meridies","Shire of Vulpine Reach","Chattanooga area including Cleveland, Ooltewah, Hixson, Fort Oglethorpe, Dalton, and the surrounding regions","https://vulpinereach.meridies.org/"
"Kingdom of Meridies","Stronghold of Dragonfly Marsh","Valdosta","https://dragonfly.meridies.org"
"Kingdom of Northshield","Barony of Caer Anterth Mawr","Wisconsin","https://storymaps.arcgis.com/stories/2a12e90306a949a0bef0a66666a1f3a2"
"Kingdom of Northshield","Barony of Castel Rouge","Wisconsin","https://storymaps.arcgis.com/stories/2a12e90306a949a0bef0a66666a1f3a2"
"Kingdom of Northshield","Barony of Jararvellir","Wisconsin","https://storymaps.arcgis.com/stories/2a12e90306a949a0bef0a66666a1f3a2"
"Kingdom of Northshield","Barony of Nordskogen","Wisconsin","https://storymaps.arcgis.com/stories/2a12e90306a949a0bef0a66666a1f3a2"
"Kingdom of Northshield","Barony of Windhaven","Wisconsin","https://storymaps.arcgis.com/stories/2a12e90306a949a0bef0a66666a1f3a2"
"Kingdom of Northshield","Canton of Coille Stoirmeil","Wisconsin","https://storymaps.arcgis.com/stories/2a12e90306a949a0bef0a66666a1f3a2"
"Kingdom of Northshield","Canton of Nordleigh","Wisconsin","https://storymaps.arcgis.com/stories/2a12e90306a949a0bef0a66666a1f3a2"
"Kingdom of Northshield","College of Svaty Sebesta","Wisconsin","https://storymaps.arcgis.com/stories/2a12e90306a949a0bef0a66666a1f3a2"
"Kingdom of Northshield","Shire of Border Downs","Wisconsin","https://storymaps.arcgis.com/stories/2a12e90306a949a0bef0a66666a1f3a2"
"Kingdom of Northshield","Shire of Coldedernhale","Wisconsin","https://storymaps.arcgis.com/stories/2a12e90306a949a0bef0a66666a1f3a2"
"Kingdom of Northshield","Shire of Darkstone","Wisconsin","https://storymaps.arcgis.com/stories/2a12e90306a949a0bef0a66666a1f3a2"
"Kingdom of Northshield","Shire of Dreibrucken","Wisconsin","https://storymaps.arcgis.com/stories/2a12e90306a949a0bef0a66666a1f3a2"
"Kingdom of Northshield","Shire of Falcon’s Keep","Wisconsin","https://storymaps.arcgis.com/stories/2a12e90306a949a0bef0a66666a1f3a2"
"Kingdom of Northshield","Shire of Inner Sea","Wisconsin","https://storymaps.arcgis.com/stories/2a12e90306a949a0bef0a66666a1f3a2"
"Kingdom of Northshield","Shire of Korsvag","Wisconsin","https://storymaps.arcgis.com/stories/2a12e90306a949a0bef0a66666a1f3a2"
"Kingdom of Northshield","Shire of Mare Amethystinum","Wisconsin","https://storymaps.arcgis.com/stories/2a12e90306a949a0bef0a66666a1f3a2"
"Kingdom of Northshield","Shire of Midewinde","Wisconsin","https://storymaps.arcgis.com/stories/2a12e90306a949a0bef0a66666a1f3a2"
"Kingdom of Northshield","Shire of Rivenwood Tower","Wisconsin","https://storymaps.arcgis.com/stories/2a12e90306a949a0bef0a66666a1f3a2"
"Kingdom of Northshield","Shire of Rockhaven","Wisconsin","https://storymaps.arcgis.com/stories/2a12e90306a949a0bef0a66666a1f3a2"
"Kingdom of Northshield","Shire of Rokeclif","Wisconsin","https://storymaps.arcgis.com/stories/2a12e90306a949a0bef0a66666a1f3a2"
"Kingdom of Northshield","Shire of Schattentor","Wisconsin","https://storymaps.arcgis.com/stories/2a12e90306a949a0bef0a66666a1f3a2"
"Kingdom of Northshield","Shire of Silfren Mere","Wisconsin","https://storymaps.arcgis.com/stories/2a12e90306a949a0bef0a66666a1f3a2"
"Kingdom of Northshield","Shire of Skerjastrond","Wisconsin","https://storymaps.arcgis.com/stories/2a12e90306a949a0bef0a66666a1f3a2"
"Kingdom of Northshield","Shire of Trewint","Wisconsin","https://storymaps.arcgis.com/stories/2a12e90306a949a0bef0a66666a1f3a2"
"Kingdom of Northshield","Shire of Vilku Urvas","Wisconsin","https://storymaps.arcgis.com/stories/2a12e90306a949a0bef0a66666a1f3a2"
"Kingdom of Trimaris","Barony of An Crosaire","Gainesville / Alachua County","https://www.ancrosaire.org/"
"Kingdom of Trimaris","Barony of Castlemere","Jacksonville / Orange Park","https://www.castlemere.org/"
"Kingdom of Trimaris","Barony of Darkwater","Orange, Osceola, Seminole, and Lake County","https://www.baronyofdarkwater.org/"
"Kingdom of Trimaris","Barony of Oldenfeld","Tallahassee, Gadsden, Wakulla","https://www.oldenfeld.org/"
"Kingdom of Trimaris","Canton Of Brymmestreme (An Crosaire)","Columbia, Hamilton, Madison and Suwannee Counties","https://brymmestreme.ancrosaire.org/home"
"Kingdom of Trimaris","Canton of Amurgorod (An Crosaire)","Levy & Marion County","https://www.ocalasca.com/home"
"Kingdom of Trimaris","Shire of Sangre del Sol","Ft. Lauderdale / Boca Raton",""
"Kingdom of Trimaris","Shire of Sea March","Palm Beach County","https://www.sea-march.com/"
"Kingdom of Trimaris","Shire of Southkeep","Miami-Dade County / Florida Keys",""
"Kingdom of Trimaris","Shire of Tri Os","Martin, St. Lucie, and Indian Counties",""
"Kingdom of the East","Barony of An Dubhaigeainn","Suffolk County, NY","https://andub.eastkingdom.org"
"Kingdom of the East","Barony of Bergental","Western MA","https://bergental.eastkingdom.org"
"Kingdom of the East","Barony of Beyond the Mountain","North, East CT","https://bbm.eastkingdom.org"
"Kingdom of the East","Barony of Bhakail","Philadelphia, PA; Delaware and South Chester County, PA Bailiwick of Ivyeinrust - University of PA","https://bhakail.eastkingdom.org"
"Kingdom of the East","Barony of Buckland Cross","Southern Bucks County, PA","https://bucklandcross.eastkingdom.org"
"Kingdom of the East","Barony of Carillion","Monmouth, Ocean, S.Middlesex County, NJ","https://carillion.eastkingdom.org"
"Kingdom of the East","Barony of Carolingia","Greater Boston, MA","https://carolingia.eastkingdom.org"
"Kingdom of the East","Barony of Concordia of the Snows","Albany, NY","https://concordia.eastkingdom.org"
"Kingdom of the East","Barony of Dragonship Haven","Southwestern CT","https://dragonshiphaven.eastkingdom.org"
"Kingdom of the East","Barony of Endewearde","Central and Northern Maine","https://endewearde.eastkingdom.org"
"Kingdom of the East","Barony of Havre des Glaces","NE Quebec Province","https://havredesglaces.eastkingdom.org"
"Kingdom of the East","Barony of Iron Bog","Camden,Gloucester, S. Burlington, NJ","https://ironbog.eastkingdom.org"
"Kingdom of the East","Barony of Ruantallan","NS & PEI, Canada","https://ruantallan.eastkingdom.org"
"Kingdom of the East","Barony of Settmour Swamp","Somerset, Morris County, NJ","https://settmourswamp.eastkingdom.org"
"Kingdom of the East","Barony of Smoking Rocks","Southeast MA","https://smokingrocks.eastkingdom.org"
"Kingdom of the East","Barony of Stonemarche","New Hampshire","https://stonemarche.eastkingdom.org"
"Kingdom of the East","Barony of the Bridge","RI State","https://baronyofthebridge.eastkingdom.org"
"Kingdom of the East","Canton of Appleholm","Manhattan, NYC","https://appleholm.eastkingdom.org"
"Kingdom of the East","Canton of Basingestoches","Endewearde","https://basingestoches.eastkingdom.org/"
"Kingdom of the East","Canton of Brokenbridge","Brooklyn, NY","https://brokenbridge.eastkingdom.org"
"Kingdom of the East","Canton of Distant Shore","NS, Canada","https://distantshore.eastkingdom.org"
"Kingdom of the East","Canton of Gryphonwald","Middlesex City, NJ","https://gryphonwald.eastkingdom.org"
"Kingdom of the East","Canton of Hawke's Reache","Western Suffolk County, NY","https://hawkesreache.eastkingdom.org"
"Kingdom of the East","Canton of Lions End","Nassau County, NY","https://lionsend.eastkingdom.org"
"Kingdom of the East","Canton of Midland Vale","Sullivan and Orange Counties, NY","https://midlandvale.eastkingdom.org"
"Kingdom of the East","Canton of Northpass","Putnam & Westchester, NY","https://northpass.eastkingdom.org"
"Kingdom of the East","Canton of Old Stonebridges","Rockland County, NY","https://oldstonebridges.eastkingdom.org/"
"Kingdom of the East","Canton of Seashire","Halifax, NS","https://seashire.eastkingdom.org"
"Kingdom of the East","Canton of Ynys y Gwaun","PEI, Canada","https://ynysygwaun.eastkingdom.org"
"Kingdom of the East","Canton of the Towers","Northeast MA","https://towers.eastkingdom.org/"
"Kingdom of the East","Crown Principality of Tir Mara Website Shire of Ar n-Eilean-ne","Newfoundland and Labrador, Canada",""
"Kingdom of the East","Province of Malagentia","Southern, ME","https://malagentia.eastkingdom.org"
"Kingdom of the East","Province of Østgarðr","Greater NYC, Westchester, and Putnam Counties NY",""
"Kingdom of the East","Riding of Giggleswick","Southern York County, Maine","https://giggleswick.eastkingdom.org"
"Kingdom of the East","Riding of Ravensbridge","Augusta, Lewiston, and Auburn ME","https://ravensbridge.eastkingdom.org"
"Kingdom of the East","Shire of Anglespur","Troy, NY","https://anglespur.eastkingdom.org"
"Kingdom of the East","Shire of Avonmore","New Brunswick, Canada","https://avonmore.eastkingdom.org"
"Kingdom of the East","Shire of Barren Sands","Atlantic, Cape May, Cumberland, Salem County, NJ","https://barrensands.eastkingdom.org"
"Kingdom of the East","Shire of Blak Rose","Camp Hill and Harrisburg, PA","https://blakrose.eastkingdom.org"
"Kingdom of the East","Shire of Caer Adamant","State of Delaware","https://caer-adamant.eastkingdom.org"
"Kingdom of the East","Shire of Coill Tuar","Southern Ulster County, NY","https://coilltuar.eastkingdom.org"
"Kingdom of the East","Shire of Coldwood","Plattsburgh, NY","https://coldwood.eastkingdom.org"
"Kingdom of the East","Shire of Eisental","Allentown, Bethlehem, Easton & Reading, PA","https://www.eisental.eastkingdom.org"
"Kingdom of the East","Shire of Glenn Linn","Warren-Washington County, NY","https://glennlinn.eastkingdom.org"
"Kingdom of the East","Shire of Hadchester","Mid-coast Maine","https://hadchester.eastkingdom.org/"
"Kingdom of the East","Shire of Hartshorn-dale","Chester-Montgomery,PA","http://hartshorn-dale.eastkingdom.org"
"Kingdom of the East","Shire of Lyndhaven","New Brunswick","https://lyndhaven.eastkingdom.org"
"Kingdom of the East","Shire of Montevale","Fulton, Franklin, Cumberland, PA","https://montevale.eastkingdom.org"
"Kingdom of the East","Shire of Mountain Freehold","Northwestern Vermont","https://mountainfreehold.eastkingdom.org"
"Kingdom of the East","Shire of Nordenhalle","Kingston, NY","https://nordenhal.eastkingdom.org"
"Kingdom of the East","Shire of Northern Outpost","Potsdam, NY","https://northernoutpost.eastkingdom.org"
"Kingdom of the East","Shire of Owlsherst","York, Lancaster, and eastern portions of Adams Counties, PA Crown","https://owlsherst.eastkingdom.org"
"Kingdom of the East","Shire of Panther Vale","Northeastern Vermont","https://panthervale.eastkingdom.org"
"Kingdom of the East","Shire of Quintavia","Worcester County, MA","https://quintavia.eastkingdom.org"
"Kingdom of the East","Shire of Rusted Woodlands","Bergen, Sussex, Passaic County, NJ","https://rustedwoodlands.eastkingdom.org"
"Kingdom of the Middle","Barony of Andelcrag","the western lower peninsula of Michigan, from the shores of Lake Michigan to approximately M-66, and from Manistee and Ludington in the north to the s","https://andelcrag.midrealm.org/"
"Kingdom of the Middle","Barony of Ayreton","Ohio","https://ayreton.midrealm.org/"
"Kingdom of the Middle","Barony of Blackstone","Indiana, Illinois, Ohio, the Lower Peninsula of Michigan, and parts of Kentucky, Iowa, and Ontario","https://midrealm.org/"
"Kingdom of the Middle","Barony of Brendoken","Ohio","https://brendoken.midrealm.org/"
"Kingdom of the Middle","Barony of Carraig","Indiana, Illinois, Ohio, the Lower Peninsula of Michigan, and parts of Kentucky, Iowa, and Ontario","https://midrealm.org/"
"Kingdom of the Middle","Barony of Cynnabar","Southeast Michigan","https://cynnabar.midrealm.org/"
"Kingdom of the Middle","Barony of Donnershafen","Indiana, Illinois, Ohio, the Lower Peninsula of Michigan, and parts of Kentucky, Iowa, and Ontario","https://midrealm.org/"
"Kingdom of the Middle","Barony of Fenix","Ohio","https://fenix.midrealm.org/"
"Kingdom of the Middle","Barony of Flame","Indiana, Illinois, Ohio, the Lower Peninsula of Michigan, and parts of Kentucky, Iowa, and Ontario","https://midrealm.org/"
"Kingdom of the Middle","Barony of Flaming","Indiana, Illinois, Ohio, the Lower Peninsula of Michigan, and parts of Kentucky, Iowa, and Ontario","https://midrealm.org/"
"Kingdom of the Middle","Barony of Illiton","the Peoria, Tazewell, Stark, Marshall, Knox, Mason, Fulton counties and Woodford county except for the area east of I-39 areas","https://illiton.midrealm.org/"
"Kingdom of the Middle","Barony of Jararvellir","Indiana, Illinois, Ohio, the Lower Peninsula of Michigan, and parts of Kentucky, Iowa, and Ontario","https://midrealm.org/"
"Kingdom of the Middle","Barony of Middle","Indiana, Illinois, Ohio, the Lower Peninsula of Michigan, and parts of Kentucky, Iowa, and Ontario","https://midrealm.org/"
"Kingdom of the Middle","Barony of North","Indiana, Illinois, Ohio, the Lower Peninsula of Michigan, and parts of Kentucky, Iowa, and Ontario","https://midrealm.org/"
"Kingdom of the Middle","Barony of Northwoods","Ohio","https://northwoods.midrealm.org/"
"Kingdom of the Middle","Barony of Red","Indiana, Illinois, Ohio, the Lower Peninsula of Michigan, and parts of Kentucky, Iowa, and Ontario","https://midrealm.org/"
"Kingdom of the Middle","Barony of Redspears","Ohio","https://redspears.midrealm.org/"
"Kingdom of the Middle","Barony of Rivenstar","the Lafayette | West Lafayette | Purdue University, Indiana area","https://rivenstar.midrealm.org/"
"Kingdom of the Middle","Barony of Roaring","Indiana, Illinois, Ohio, the Lower Peninsula of Michigan, and parts of Kentucky, Iowa, and Ontario","https://midrealm.org/"
"Kingdom of the Middle","Barony of Shadowed","Indiana, Illinois, Ohio, the Lower Peninsula of Michigan, and parts of Kentucky, Iowa, and Ontario","https://midrealm.org/"
"Kingdom of the Middle","Barony of Shattered","Indiana, Illinois, Ohio, the Lower Peninsula of Michigan, and parts of Kentucky, Iowa, and Ontario","https://midrealm.org/"
"Kingdom of the Middle","Barony of Sternfeld","Ohio","https://sternfeld.midrealm.org/"
"Kingdom of the Middle","Barony of the","Indiana, Illinois, Ohio, the Lower Peninsula of Michigan, and parts of Kentucky, Iowa, and Ontario","https://midrealm.org/"
"Kingdom of the Middle","Barony of the Cleftlands","Indiana, Illinois, Ohio, the Lower Peninsula of Michigan, and parts of Kentucky, Iowa, and Ontario","https://midrealm.org/"
"Kingdom of the Middle","Barony of the Flame","Indiana, Illinois, Ohio, the Lower Peninsula of Michigan, and parts of Kentucky, Iowa, and Ontario","https://midrealm.org/"
"Kingdom of the Middle","Barony of the Flame's","Indiana, Illinois, Ohio, the Lower Peninsula of Michigan, and parts of Kentucky, Iowa, and Ontario","https://midrealm.org/"
"Kingdom of the Middle","Barony of the Middle","Indiana, Illinois, Ohio, the Lower Peninsula of Michigan, and parts of Kentucky, Iowa, and Ontario","https://midrealm.org/"
"Kingdom of the Middle","Canton of Ealdnordwuda","Ohio","https://ealdnordwuda.midrealm.org/"
"Kingdom of the Middle","Canton of Ealdnorwuda","Indiana, Illinois, Ohio, the Lower Peninsula of Michigan, and parts of Kentucky, Iowa, and Ontario","https://midrealm.org/"
"Kingdom of the Middle","Canton of Hawkes","Indiana, Illinois, Ohio, the Lower Peninsula of Michigan, and parts of Kentucky, Iowa, and Ontario","https://midrealm.org/"
"Kingdom of the Middle","Canton of Hrothgeirsfjordr","Indiana, Illinois, Ohio, the Lower Peninsula of Michigan, and parts of Kentucky, Iowa, and Ontario","https://midrealm.org/"
"Kingdom of the Middle","Canton of Lochmorrow","Indiana, Illinois, Ohio, the Lower Peninsula of Michigan, and parts of Kentucky, Iowa, and Ontario","https://midrealm.org/"
"Kingdom of the Middle","Canton of Pferdestadt","the Middle Kingdom","https://pferdestadt.midrealm.org/"
"Kingdom of the Middle","Canton of Rimsholt","Grand Rapids Michigan and the surrounding areas in Kent County","https://rimsholt.midrealm.org/"
"Kingdom of the Middle","Canton of Rokkehealden","Ohio","https://rokkehealden.midrealm.org/"
"Kingdom of the Middle","Canton of Vanished","Indiana, Illinois, Ohio, the Lower Peninsula of Michigan, and parts of Kentucky, Iowa, and Ontario","https://midrealm.org/"
"Kingdom of the Middle","Canton of Woods","Indiana, Illinois, Ohio, the Lower Peninsula of Michigan, and parts of Kentucky, Iowa, and Ontario","https://midrealm.org/"
"Kingdom of the Middle","Riding of Hawkland","Indiana, Illinois, Ohio, the Lower Peninsula of Michigan, and parts of Kentucky, Iowa, and Ontario","https://midrealm.org/"
"Kingdom of the Middle","Riding of Hawland","Indiana, Illinois, Ohio, the Lower Peninsula of Michigan, and parts of Kentucky, Iowa, and Ontario","https://midrealm.org/"
"Kingdom of the Middle","Shire of Abhainn","Indiana, Illinois, Ohio, the Lower Peninsula of Michigan, and parts of Kentucky, Iowa, and Ontario","https://midrealm.org/"
"Kingdom of the Middle","Shire of Caer","Indiana, Illinois, Ohio, the Lower Peninsula of Michigan, and parts of Kentucky, Iowa, and Ontario","https://midrealm.org/"
"Kingdom of the Middle","Shire of Dark","Indiana, Illinois, Ohio, the Lower Peninsula of Michigan, and parts of Kentucky, Iowa, and Ontario","https://midrealm.org/"
"Kingdom of the Middle","Shire of Dernehealde","Ohio","https://dernehealde.midrealm.org/"
"Kingdom of the Middle","Shire of Dragonsmark","Central Kentucky in and around Lexington","https://dragonsmark.midrealm.org/"
"Kingdom of the Middle","Shire of Falcon's","Indiana, Illinois, Ohio, the Lower Peninsula of Michigan, and parts of Kentucky, Iowa, and Ontario","https://midrealm.org/"
"Kingdom of the Middle","Shire of Korsvag","Indiana, Illinois, Ohio, the Lower Peninsula of Michigan, and parts of Kentucky, Iowa, and Ontario","https://midrealm.org/"
"Kingdom of the Middle","Shire of Mugmort","the Middle Kingdom of the SCA","https://mugmort.midrealm.org/"
"Kingdom of the Middle","Shire of Mynydd","Indiana, Illinois, Ohio, the Lower Peninsula of Michigan, and parts of Kentucky, Iowa, and Ontario","https://midrealm.org/"
"Kingdom of the Middle","Shire of Narrental","Cass County, Miami County, the south-western part of Wabash County, and the western part of Fulton County","https://narrental.midrealm.org/"
"Kingdom of the Middle","Shire of Ravenslake","Indiana, Illinois, Ohio, the Lower Peninsula of Michigan, and parts of Kentucky, Iowa, and Ontario","https://midrealm.org/"
"Kingdom of the Middle","Shire of Rivenvale","Indiana, Illinois, Ohio, the Lower Peninsula of Michigan, and parts of Kentucky, Iowa, and Ontario","https://midrealm.org/"
"Kingdom of the Middle","Shire of Stormvale","Indiana, Illinois, Ohio, the Lower Peninsula of Michigan, and parts of Kentucky, Iowa, and Ontario","https://midrealm.org/"
"Kingdom of the Middle","Shire of Swordcliff","Springfield, Illinois, is a part of the Society for Creative Anachronism (SCA) , a non-profit international organization dedicated to researching and","https://swordcliff.midrealm.org/"
"Kingdom of the Middle","Shire of White","Indiana, Illinois, Ohio, the Lower Peninsula of Michigan, and parts of Kentucky, Iowa, and Ontario","https://midrealm.org/"
"Kingdom of the Outlands","Barony of Aarquelle","Pueblo, CO","https://aarquelle.outlands.org"
"Kingdom of the Outlands","Barony of Caer Galen","Boulder, CO","https://caergalen.outlands.org"
"Kingdom of the Outlands","Barony of Caerthe","Denver, CO","https://caerthe.outlands.org"
"Kingdom of the Outlands","Barony of Dragonsspine","Colorado Springs, CO","https://dragonsspine.outlands.org"
"Kingdom of the Outlands","Barony of Unser Hafen","Fort Collins, CO","https://unserhafen.outlands.org"
"Kingdom of the Outlands","Barony of al-Barran","Albuquerque, NM","https://al-barran.outlands.org/"
"Kingdom of the Outlands","College of Blaiddwyn","UNM, Albuquerque, NM","https://blaiddwyn.unm.edu/"
"Kingdom of the Outlands","College of St. Golias","Socorro, NM","http://www.saintgolias.outlands.org/"
"Kingdom of the Outlands","Shire of Blackwater Keep","Portales & Clovis, NM","https://blackwater.outlands.org"
"Kingdom of the Outlands","Shire of Bryngolau","Los Alamos & Espanola, NM","https://bryngolau.outlands.org"
"Kingdom of the Outlands","Shire of Draca Mor","Grand Junction, CO","https://dracamor.outlands.org"
"Kingdom of the Outlands","Shire of Drygestan","Santa Fe & Las Vegas, NM","https://drygestan.outlands.org"
"Kingdom of the Outlands","Shire of Fontaine dans Sable","Farmington, NM","https://fontaine.outlands.org"
"Kingdom of the Outlands","Shire of Nahrun Kabirun","Las Cruces, NM","https://nahrunkabirun.outlands.org"
"Kingdom of the Outlands","Shire of Rio de las Animas","Durango, CO","https://riodelasanimas.wordpress.com/"
"Kingdom of the Outlands","Shire of White Mountain","White Sands & Alamogordo, NM","https://whitemountain.outlands.org"
"Kingdom of the Outlands","Shire of Windkeep","Cheyenne, WY","https://windkeep.outlands.org"
"Kingdom of the West","Barony of Darkwood","Northern California","https://mists.westkingdom.org/branches-groups/#darkwood"
"Kingdom of the West","Barony of Eskalya","Alaska",""
"Kingdom of the West","Barony of Fettburg","Northern Central Valley, California","https://fettburg.westkingdom.org/"
"Kingdom of the West","Barony of Rivenoak","Northern Central Valley, California","http://rivenoak.westkingdom.org/"
"Kingdom of the West","Barony of Selveirgard","Alaska",""
"Kingdom of the West","Barony of Westermark","Northern California","https://mists.westkingdom.org/branches-groups/#westermark"
"Kingdom of the West","Barony of Winter's Gate","Alaska",""
"Kingdom of the West","Canton of Hawk's Haven","Northern California","https://mists.westkingdom.org/branches-groups/#hawks-haven"
"Kingdom of the West","Canton of Montagne du Roi","Northern California","https://mists.westkingdom.org/branches-groups/#montaigne-du-roi"
"Kingdom of the West","College of Saint Boniface","Alaska",""
"Kingdom of the West","College of Saint Katherine","Northern California","https://mists.westkingdom.org/branches-groups/#college-of-st-katherine"
"Kingdom of the West","College of St. David","Northern California","https://mists.westkingdom.org/branches-groups/#college-of-st-davis"
"Kingdom of the West","Principality of Cynagua","Northern Central Valley, California","http://cynagua.westkingdom.org"
"Kingdom of the West","Principality of Oertha","Northern Central Valley, California","http://oertha.westkingdom.org"
"Kingdom of the West","Principality of the Mists","Northern Central Valley, California","http://mists.westkingdom.org"
"Kingdom of the West","Province of Golden Rivers","Northern Central Valley, California","http://www.goldenrivers.westkingdom.org/"
"Kingdom of the West","Province of Silver Desert","Northern Central Valley, California","http://silverdesert.westkingdom.org/"
"Kingdom of the West","Province of Southern Shores","Northern California","https://mists.westkingdom.org/branches-groups/#southern-shores"
"Kingdom of the West","Province of the Mists","Northern California","https://mists.westkingdom.org/branches-groups/#province-of-the-mists"
"Kingdom of the West","Shire of Belogor","Northern Central Valley, California","http://www.crystalmist.org/"
"Kingdom of the West","Shire of Caldarium","Northern California","https://mists.westkingdom.org/branches-groups/#caldarium"
"Kingdom of the West","Shire of Canale","Northern Central Valley, California","http://canale.westkingdom.org/"
"Kingdom of the West","Shire of Champclair","Northern Central Valley, California","https://www.facebook.com/groups/653122331461417/"
"Kingdom of the West","Shire of Cloondara","Northern California","https://mists.westkingdom.org/branches-groups/#cloondara"
"Kingdom of the West","Shire of Crosston","Northern California","https://mists.westkingdom.org/branches-groups/#crosston"
"Kingdom of the West","Shire of Danegeld Tor","Northern Central Valley, California","https://danegeldtor.westkingdom.org/"
"Kingdom of the West","Shire of Earngyld","Alaska",""
"Kingdom of the West","Shire of Fendrake Marsh","Churchill and Lyon Counties, NV",""
"Kingdom of the West","Shire of Hrafnafjordr","Alaska",""
"Kingdom of the West","Shire of Mountain's Gate","Northern Central Valley, California","http://mountainsgate.westkingdom.org/"
"Kingdom of the West","Shire of Pavlok Gorod","Alaska",""
"Kingdom of the West","Shire of Teufelberg","Northern California","https://mists.westkingdom.org/branches-groups/#teufelberg"
"Kingdom of the West","Shire of Thistletorr","Colusa and Sutter Counties, CA",""
"Kingdom of the West","Shire of Vakkerfjell","Northern Central Valley, California","https://www.facebook.com/groups/131805570222282/"
"Kingdom of the West","Shire of Vinhold","Northern California","https://mists.westkingdom.org/branches-groups/#vinhold"
"Kingdom of the West","Shire of Windy Meads","Northern Central Valley, California","https://www.facebook.com/groups/409695855792198"
"Kingdom of the West","Shire of Wolfscairn","Northern California","https://mists.westkingdom.org/branches-groups/#wolfscairn"
