kingdom,group,type,calendar_id,website,social,date_last_checked
Kingdom of AEthelmearc,Barony of Blackstone Mountain,barony,No Calendar Listed,,,2026-06-22
Kingdom of AEthelmearc,Barony of Delftwood,barony,No Calendar Listed,http://delftwood.aethelmearc.org/,,2026-06-22
Kingdom of AEthelmearc,Barony of Endless Hills,barony,No Calendar Listed,http://endlesshills.aethelmearc.org/,,2026-06-22
Kingdom of AEthelmearc,Barony of Rhydderich Hael,barony,No Calendar Listed,http://hael.aethelmearc.org/,,2026-06-22
Kingdom of AEthelmearc,Barony of St. Swithin’s Bog,barony,No Calendar Listed,http://stswithinsbog.aethelmearc.org/,,2026-06-22
Kingdom of AEthelmearc,Barony of Thescorre,barony,No Calendar Listed,http://thescorre.aethelmearc.org/,,2026-06-22
Kingdom of AEthelmearc,Canton of Beau Fleuve,canton,No Calendar Listed,http://beaufleuve.aethelmearc.org/,,2026-06-22
Kingdom of AEthelmearc,Canton of Dunloch,canton,No Calendar Listed,https://dunloch.aethelmearc.org,,2026-06-22
Kingdom of AEthelmearc,College of Arx Collis,college,No Calendar Listed,https://arxcollis.aethelmearc.org,,2026-06-22
Kingdom of AEthelmearc,College of Silva Vulcani,college,No Calendar Listed,https://silvavulcani.wixsite.com/silvavulcani,,2026-06-22
Kingdom of AEthelmearc,Shire of Abhainn Ciach Ghlais,shire,No Calendar Listed,http://www.shireofacg.org/,,2026-06-22
Kingdom of AEthelmearc,Shire of Angel's Keep,shire,No Calendar Listed,http://angelskeep.aethelmearc.org/,,2026-06-22
Kingdom of AEthelmearc,Shire of Ballachlagan,shire,No Calendar Listed,https://ballachlagan.aethelmearc.org/,,2026-06-22
Kingdom of AEthelmearc,Shire of Blackwater,shire,No Calendar Listed,,,2026-06-22
Kingdom of AEthelmearc,Shire of Coppertree,shire,No Calendar Listed,http://coppertree.aethelmearc.org/,,2026-06-22
Kingdom of AEthelmearc,Shire of Courtlandtslot,shire,No Calendar Listed,,,2026-06-22
Kingdom of AEthelmearc,Shire of Hartstone,shire,No Calendar Listed,http://hartstone.aethelmearc.org/,,2026-06-22
Kingdom of AEthelmearc,Shire of Heronter,shire,No Calendar Listed,https://heronter.aethelmearc.org/,,2026-06-22
Kingdom of AEthelmearc,Shire of Hunter's Home,shire,No Calendar Listed,http://huntershome.aethelmearc.org,,2026-06-22
Kingdom of AEthelmearc,Shire of King's Crossing,shire,No Calendar Listed,http://kingscrossing.aethelmearc.org/,,2026-06-22
Kingdom of AEthelmearc,Shire of Misty Highlands,shire,No Calendar Listed,,,2026-06-22
Kingdom of AEthelmearc,Shire of Nithgaard,shire,No Calendar Listed,http://nithgaard.aethelmearc.org/,,2026-06-22
Kingdom of AEthelmearc,Shire of Port Oasis,shire,No Calendar Listed,http://www.portoasis.org,,2026-06-22
Kingdom of AEthelmearc,Shire of Steltonwald,shire,No Calendar Listed,https://steltonwald.aethelmearc.org/,,2026-06-22
Kingdom of AEthelmearc,Shire of Sterlynge Vayle,shire,No Calendar Listed,http://sterlyngevayle.aethelmearc.org/,,2026-06-22
Kingdom of AEthelmearc,Shire of Sunderoak,shire,No Calendar Listed,http://sunderoak.aethelmearc.org,,2026-06-22
Kingdom of AEthelmearc,Shire of Sylvan Glen,shire,No Calendar Listed,http://sylvanglen.aethelmearc.org/,,2026-06-22
Kingdom of AEthelmearc,Shire of Wyntersett,shire,No Calendar Listed,http://wyntersetthome.org/,,2026-06-22
Kingdom of An Tir,Barony of Adiantum,barony,No Calendar Listed,http://adiantum.antir.sca.org/,,2026-06-22
Kingdom of An Tir,Barony of Aquaterra,barony,No Calendar Listed,http://aquaterra.antir.sca.org/,,2026-06-22
Kingdom of An Tir,Barony of Blatha an Oir,barony,No Calendar Listed,http://blathaanoir.antir.sca.org/,,2026-06-22
Kingdom of An Tir,Barony of Dragon's Mist,barony,No Calendar Listed,http://dragonsmist.antir.sca.org/,,2026-06-22
Kingdom of An Tir,Barony of Dragons Laire,barony,No Calendar Listed,https://dragonslaire.antir.org/wordpress/,,2026-06-22
Kingdom of An Tir,Barony of Glymm Mere,barony,No Calendar Listed,https://glymmmere.antir.org/,,2026-06-22
Kingdom of An Tir,Barony of Glyn Dwfn,barony,No Calendar Listed,http://glyndwfn.antir.sca.org,,2026-06-22
Kingdom of An Tir,Barony of Lions Gate,barony,No Calendar Listed,http://lionsgate.tirrigh.org/,,2026-06-22
Kingdom of An Tir,Barony of Madrone,barony,No Calendar Listed,http://baronyofmadrone.net/,,2026-06-22
Kingdom of An Tir,Barony of Seagirt,barony,No Calendar Listed,http://seagirt.tirrigh.org/,,2026-06-22
Kingdom of An Tir,Barony of Stromgard,barony,No Calendar Listed,https://www.stromgard-sca.org/,,2026-06-22
Kingdom of An Tir,Barony of Terra Pomaria,barony,No Calendar Listed,http://terrapomaria.antir.sca.org/,,2026-06-22
Kingdom of An Tir,Barony of Three Mountains,barony,No Calendar Listed,http://baronyofthreemountains.org/,,2026-06-22
Kingdom of An Tir,Barony of Vulcanfeldt,barony,No Calendar Listed,https://vulcanfeldt.antir.org/,,2026-06-22
Kingdom of An Tir,Barony of Wastekeep,barony,No Calendar Listed,https://wastekeep.antir.org,,2026-06-22
Kingdom of An Tir,Barony of Wealdsmere,barony,No Calendar Listed,http://wealdsmere.antir.org/,,2026-06-22
Kingdom of An Tir,Barony of Wyewood,barony,No Calendar Listed,http://www.wyewood.org/wp/,,2026-06-22
Kingdom of An Tir,Canton of Akornebir,canton,No Calendar Listed,https://akornebir.antir.org/wordpress/,,2026-06-22
Kingdom of An Tir,Canton of Caladphort,canton,No Calendar Listed,https://glymmmere.antir.org/caladphort-officers/,,2026-06-22
Kingdom of An Tir,Canton of Crows Gate,canton,No Calendar Listed,https://glymmmere.antir.org/crows-gate-officers/,,2026-06-22
Kingdom of An Tir,Canton of Kaldor Ness,canton,No Calendar Listed,https://www.baronyofthreemountains.org/,,2026-06-22
Kingdom of An Tir,Canton of Misty Ridge,canton,No Calendar Listed,https://antir.org,,2026-06-22
Kingdom of An Tir,Canton of Porte de l'Eau,canton,No Calendar Listed,https://porte-de-leau.antir.org/,,2026-06-22
Kingdom of An Tir,College of Cranehaven,college,No Calendar Listed,https://antir.sca.wiki/index.php?title=Cranehaven,,2026-06-22
Kingdom of An Tir,College of Lyonsmarche,college,No Calendar Listed,http://lyonsmarche.antir.org/,,2026-06-22
Kingdom of An Tir,Principality of Tir Righ,principality,No Calendar Listed,http://www.tirrigh.org/,,2026-06-22
Kingdom of An Tir,Principality of the Summits,principality,No Calendar Listed,http://summits.antir.sca.org/,,2026-06-22
Kingdom of An Tir,Shire of Appledore,shire,No Calendar Listed,https://www.facebook.com/AppledoreSCA,,2026-06-22
Kingdom of An Tir,Shire of Briaroak,shire,No Calendar Listed,http://briaroak.antir.sca.org/,,2026-06-22
Kingdom of An Tir,Shire of Coeur du Val,shire,No Calendar Listed,http://cdv.antir.org/,,2026-06-22
Kingdom of An Tir,Shire of Coill Mhór,shire,No Calendar Listed,https://coillmhor.tirrigh.org/,,2026-06-22
Kingdom of An Tir,Shire of Cold Keep,shire,No Calendar Listed,https://coldkeep.tirrigh.org/,,2026-06-22
Kingdom of An Tir,Shire of Corvaria,shire,No Calendar Listed,http://corvaria.antir.sca.org/wp/,,2026-06-22
Kingdom of An Tir,Shire of Danescombe,shire,No Calendar Listed,https://danescombe.tirrigh.org/,,2026-06-22
Kingdom of An Tir,Shire of Hartwood,shire,No Calendar Listed,http://hartwood.tirrigh.org/,,2026-06-22
Kingdom of An Tir,Shire of Hauksgarðr,shire,No Calendar Listed,https://hauksgardr.antir.org/,,2026-06-22
Kingdom of An Tir,Shire of Krakafjord,shire,No Calendar Listed,https://www.facebook.com/groups/krakafjord,,2026-06-22
Kingdom of An Tir,Shire of Lionsdale,shire,No Calendar Listed,http://lionsdale.tirrigh.org/,,2026-06-22
Kingdom of An Tir,Shire of Mountain Edge,shire,No Calendar Listed,https://mountainedge.antir.org,,2026-06-22
Kingdom of An Tir,Shire of Myrtle Holt,shire,No Calendar Listed,,,2026-06-22
Kingdom of An Tir,Shire of Ramsgaard,shire,No Calendar Listed,https://ramsgaard.tirrigh.org/,,2026-06-22
Kingdom of An Tir,Shire of River's Bend,shire,No Calendar Listed,https://antir.sca.wiki/index.php/River%27s_Bend,,2026-06-22
Kingdom of An Tir,Shire of Southmarch,shire,No Calendar Listed,https://southmarch.antir.sca.org/,,2026-06-22
Kingdom of An Tir,Shire of Thornwold,shire,No Calendar Listed,http://thornwold.tirrigh.org/,,2026-06-22
Kingdom of An Tir,Shire of Tir Bannog,shire,No Calendar Listed,,,2026-06-22
Kingdom of An Tir,Shire of Tymberhavene,shire,No Calendar Listed,http://tymberhavene.antir.sca.org/,,2026-06-22
Kingdom of Ansteorra,Barony of Bjornsborg,barony,No Calendar Listed,https://ansteorra.org/bjornsborg,,2026-06-22
Kingdom of Ansteorra,Barony of Bonwicke,barony,No Calendar Listed,https://ansteorra.org/bonwicke,,2026-06-22
Kingdom of Ansteorra,Barony of Bordermarch,barony,No Calendar Listed,https://ansteorra.org/bordermarch,,2026-06-22
Kingdom of Ansteorra,Barony of Bryn Gwlad,barony,No Calendar Listed,https://ansteorra.org/bryn-gwlad,,2026-06-22
Kingdom of Ansteorra,Barony of Elfsea,barony,No Calendar Listed,https://ansteorra.org/elfsea/,,2026-06-22
Kingdom of Ansteorra,Barony of Loch Soilleir,barony,No Calendar Listed,https://ansteorra.org/loch-soilleir/,,2026-06-22
Kingdom of Ansteorra,Barony of Namron,barony,No Calendar Listed,https://ansteorra.org/namron,,2026-06-22
Kingdom of Ansteorra,Barony of Northkeep,barony,No Calendar Listed,https://ansteorra.org/northkeep,,2026-06-22
Kingdom of Ansteorra,Barony of Wiesenfeuer,barony,No Calendar Listed,https://ansteorra.org/wiesenfeuer,,2026-06-22
Kingdom of Ansteorra,Barony of the Eldern Hills,barony,No Calendar Listed,https://ansteorra.org/eldern-hills/,,2026-06-22
Kingdom of Ansteorra,Barony of the Stargate,barony,No Calendar Listed,https://ansteorra.org/stargate,,2026-06-22
Kingdom of Ansteorra,Barony of the Steppes,barony,No Calendar Listed,https://ansteorra.org/steppes,,2026-06-22
Kingdom of Ansteorra,Canton of Chemin Noir,canton,No Calendar Listed,https://ansteorra.org/chemin-noir/,,2026-06-22
Kingdom of Ansteorra,Canton of Glaslyn,canton,No Calendar Listed,https://ansteorra.org/glaslyn,,2026-06-22
Kingdom of Ansteorra,Canton of Myrgenfeld,canton,No Calendar Listed,https://ansteorra.org/myrgenfeld/,,2026-06-22
Kingdom of Ansteorra,Canton of Skorragarðr,canton,No Calendar Listed,https://ansteorra.org/skorragardr/,,2026-06-22
Kingdom of Ansteorra,Province of Mooneschadowe,province,No Calendar Listed,https://ansteorra.org/mooneschadowe/,,2026-06-22
Kingdom of Ansteorra,Riding of Marata,riding,No Calendar Listed,https://ansteorra.org/marata/,,2026-06-22
Kingdom of Ansteorra,Shire of Adlersruhe,shire,No Calendar Listed,https://ansteorra.org/adlersruhe/,,2026-06-22
Kingdom of Ansteorra,Shire of Brad Leah,shire,No Calendar Listed,https://ansteorra.org/brad-leah,,2026-06-22
Kingdom of Ansteorra,Shire of Ffynnon Gath,shire,No Calendar Listed,https://ansteorra.org/ffynnon-gath/,,2026-06-22
Kingdom of Ansteorra,Shire of Graywood,shire,No Calendar Listed,https://ansteorra.org/graywood/,,2026-06-22
Kingdom of Ansteorra,Shire of Rosenfeld,shire,No Calendar Listed,https://ansteorra.org/rosenfeld,,2026-06-22
Kingdom of Ansteorra,Shire of Seawinds,shire,No Calendar Listed,https://ansteorra.org/seawinds/,,2026-06-22
Kingdom of Ansteorra,Shire of the Shadowlands,shire,No Calendar Listed,https://ansteorra.org/shadowlands,,2026-06-22
Kingdom of Ansteorra,Stronghold of Hellsgate,stronghold,No Calendar Listed,https://ansteorra.org/hellsgate,,2026-06-22
Kingdom of Artemisia,Barony of Arn Hold,barony,No Calendar Listed,https://www.facebook.com/groups/baronyarnhold/,,2026-06-22
Kingdom of Artemisia,Barony of Bronzehelm,barony,No Calendar Listed,http://www.bronzehelm.org,,2026-06-22
Kingdom of Artemisia,Barony of Gryphon's Lair,barony,No Calendar Listed,https://www.facebook.com/groups/gryphonslair/,,2026-06-22
Kingdom of Artemisia,Barony of Loch Salann,barony,No Calendar Listed,http://www.lochsalann.org,,2026-06-22
Kingdom of Artemisia,Barony of One Thousand Eyes,barony,No Calendar Listed,,,2026-06-22
Kingdom of Artemisia,Barony of Sentinels' Keep,barony,No Calendar Listed,https://www.sentinels-keep.org,,2026-06-22
Kingdom of Artemisia,Shire of Arrow's Flight,shire,No Calendar Listed,http://arrowsflight.org/,,2026-06-22
Kingdom of Artemisia,Shire of Cote du Ciel,shire,No Calendar Listed,https://www.facebook.com/groups/372899743885/,,2026-06-22
Kingdom of Artemisia,Shire of River Serponnde,shire,No Calendar Listed,https://www.facebook.com/groups/shireriverserpent,,2026-06-22
Kingdom of Artemisia,Shire of Silver Keep,shire,No Calendar Listed,https://www.facebook.com/groups/366020795445/,,2026-06-22
Kingdom of Artemisia,Shire of Stan Wyrm,shire,No Calendar Listed,https://www.facebook.com/groups/shireofstanwyrm/,,2026-06-22
Kingdom of Artemisia,Shire of Stonegate,shire,No Calendar Listed,https://www.facebook.com/ShireOfStonegate,,2026-06-22
Kingdom of Artemisia,Shire of Windegate,shire,No Calendar Listed,https://www.facebook.com/groups/391521170049,,2026-06-22
Kingdom of Atenveldt,Barony Of Mons Tonitrus,barony,No Calendar Listed,http://bmmt.org,,2026-06-22
Kingdom of Atenveldt,Barony of Atenveldt,barony,No Calendar Listed,http://baronyofatenveldt.org,,2026-06-22
Kingdom of Atenveldt,Barony of Ered Sul,barony,No Calendar Listed,http://baronyoferedsul.org,,2026-06-22
Kingdom of Atenveldt,Barony of Granite Mountain,barony,No Calendar Listed,http://baronyofgranitemountain.org,,2026-06-22
Kingdom of Atenveldt,Barony of Sun Dragon,barony,No Calendar Listed,http://baronyofsundragon.org,,2026-06-22
Kingdom of Atenveldt,Barony of Tir Ysgithr,barony,No Calendar Listed,http://btysca.org,,2026-06-22
Kingdom of Atenveldt,Barony of Twin Moons,barony,No Calendar Listed,http://baronyoftwinmoons.org,,2026-06-22
Kingdom of Atenveldt,Shire of Burning Sands,shire,No Calendar Listed,http://burningsands.atenveldt.org,,2026-06-22
Kingdom of Atenveldt,Shire of Windale,shire,No Calendar Listed,http://windale.atenveldt.org,,2026-06-22
Kingdom of Atlantia,Barony of Black Diamond,barony,seneschal@blackdiamond.atlantia.sca.org,http://black-diamond.atlantia.sca.org,,2026-06-22
Kingdom of Atlantia,Barony of Bright Hills,barony,2gskgfm3tsnsjmoe6go08lb56o@group.calendar.google.com,http://brighthills.atlantia.sca.org,,2026-06-22
Kingdom of Atlantia,Barony of Caer Mear,barony,uk9bjrsu1loit3j4bjai8b07g0@group.calendar.google.com,http://caermear.atlantia.sca.org,,2026-06-22
Kingdom of Atlantia,Barony of Dun Carraig,barony,No Calendar Listed,http://www.duncarraig.net,,2026-06-22
Kingdom of Atlantia,Barony of Hawkwood,barony,No Calendar Listed,http://hawkwood.atlantia.sca.org,,2026-06-22
Kingdom of Atlantia,Barony of Hidden Mountain,barony,tribe-rest:https://hiddenmountain.atlantia.sca.org,http://hiddenmountain.atlantia.sca.org,,2026-06-22
Kingdom of Atlantia,Barony of Highland Foorde,barony,No Calendar Listed,http://highland-foorde.atlantia.sca.org,,2026-06-22
Kingdom of Atlantia,Barony of Lochmere,barony,c_e5a20ea8b028aef810a6015b8e97e624de4b494086ab9d906d6634066a6cc18e@group.calendar.google.com,http://lochmere.atlantia.sca.org,,2026-06-22
Kingdom of Atlantia,Barony of Marinus,barony,17328f6a1f279a5ba835356980da620d0f23142b64be07aeeeb3588e3e58a9c9@group.calendar.google.com,http://www.baronyofmarinus.com,,2026-06-22
Kingdom of Atlantia,Barony of Nottinghill Coill,barony,No Calendar Listed,http://www.nottinghillcoill.atlantia.sca.org,,2026-06-22
Kingdom of Atlantia,Barony of Ponte Alto,barony,9p6lpvucu4govg1mb83ea4cntg@group.calendar.google.com,http://pontealto.atlantia.sca.org,,2026-06-22
Kingdom of Atlantia,Barony of Raven's Cove,barony,p2le0sqe2up07bih2te3solrhs@group.calendar.google.com,http://ravenscove.atlantia.sca.org,,2026-06-22
Kingdom of Atlantia,Barony of Sacred Stone,barony,cea37ntjlu57osemvnn2787584@group.calendar.google.com,http://sacredstone.atlantia.sca.org,,2026-06-22
Kingdom of Atlantia,Barony of Stierbach,barony,4rp7njkb496vkrej5ojnob7060@group.calendar.google.com,http://stierbach.org,,2026-06-22
Kingdom of Atlantia,Barony of Stierbach (Workshops),barony,hgo8uo0922ooib7hlvmshevg84@group.calendar.google.com,http://stierbach.org,,2026-06-22
Kingdom of Atlantia,Barony of Storvik,barony,7lkik5usej15uli6d62cb6rt00@group.calendar.google.com,http://storvik.atlantia.sca.org,,2026-06-22
Kingdom of Atlantia,Barony of Tir-y-Don,barony,No Calendar Listed,http://tirydon.atlantia.sca.org,,2026-06-22
Kingdom of Atlantia,Barony of Windmasters' Hill,barony,simcal:http://www.windmastershill.org/,http://www.windmastershill.org,,2026-06-22
Kingdom of Atlantia,Canton of Aire Faucon,canton,No Calendar Listed,http://airefaucon.atlantia.sca.org,,2026-06-22
Kingdom of Atlantia,Canton of Attilium,canton,No Calendar Listed,https://www.windmastershill.org/wordpress/cantons/attilium/,,2026-06-22
Kingdom of Atlantia,Canton of Brockore Abbey,canton,No Calendar Listed,https://brockore.wixsite.com/brockore-abbey,,2026-06-22
Kingdom of Atlantia,Canton of Buckston-on-Eno,canton,No Calendar Listed,http://buckston.atlantia.sca.org,,2026-06-22
Kingdom of Atlantia,Canton of Charlesbury Crossing,canton,No Calendar Listed,http://charlesbury.atlantia.sca.org,,2026-06-22
Kingdom of Atlantia,Canton of Cydllan Downs,canton,No Calendar Listed,http://www.nottinghillcoill.atlantia.sca.org/Cyddlan_Downs.html,,2026-06-22
Kingdom of Atlantia,Canton of Elvegast,canton,No Calendar Listed,http://elvegast.atlantia.sca.org,,2026-06-22
Kingdom of Atlantia,Canton of Falconcree,canton,No Calendar Listed,http://falconcree.org,,2026-06-22
Kingdom of Atlantia,Canton of Haukesgate,canton,8c8f5mon8e5q9q2thkfj57d964@group.calendar.google.com,,,2026-06-22
Kingdom of Atlantia,Canton of Kapellenberg,canton,No Calendar Listed,http://kapellenberg.atlantia.sca.org,,2026-06-22
Kingdom of Atlantia,Canton of Middlegate,canton,No Calendar Listed,http://middlegate.atlantia.sca.org,,2026-06-22
Kingdom of Atlantia,Canton of Misty Marsh by the Sea,canton,No Calendar Listed,http://www.hiddenmountain.atlantia.sca.org/misty-marsh-by-the-sea/,,2026-06-22
Kingdom of Atlantia,Canton of Moorhaven,canton,No Calendar Listed,http://www.hiddenmountain.atlantia.sca.org/canton-of-moorhaven/,,2026-06-22
Kingdom of Atlantia,Canton of Nimenefeld,canton,No Calendar Listed,https://www.windmastershill.org/wordpress/cantons/nimenefeld/,,2026-06-22
Kingdom of Atlantia,Canton of Ritterwald,canton,No Calendar Listed,http://ritterwald.atlantia.sca.org/,,2026-06-22
Kingdom of Atlantia,Canton of Saint Georges,canton,No Calendar Listed,http://stgeorge.atlantia.sca.org,,2026-06-22
Kingdom of Atlantia,Canton of Salesberie Glen,canton,No Calendar Listed,http://salesberieglen.atlantia.sca.org,,2026-06-22
Kingdom of Atlantia,Canton of Stormwall,canton,noa4reqbs11esg21gjjefa9k5g@group.calendar.google.com,https://sites.google.com/site/stormwallsca/,,2026-06-22
Kingdom of Atlantia,Canton of Sudentorre,canton,No Calendar Listed,http://sudentorre.atlantia.sca.org,,2026-06-22
Kingdom of Atlantia,Canton of Tear-Sea's Shore,canton,No Calendar Listed,http://www.hiddenmountain.atlantia.sca.org/canton-of-tear-seas-shore/,,2026-06-22
Kingdom of Atlantia,Shire of Border Vale Keep,shire,No Calendar Listed,http://bordervalekeep.atlantia.sca.org,,2026-06-22
Kingdom of Atlantia,Shire of Isenfir,shire,No Calendar Listed,http://isenfir.atlantia.sca.org,,2026-06-22
Kingdom of Atlantia,Shire of Roxbury Mill,shire,No Calendar Listed,http://roxburymill.atlantia.sca.org,,2026-06-22
Kingdom of Atlantia,Shire of Seareach,shire,No Calendar Listed,https://www.seareach.atlantia.sca.org/,,2026-06-22
Kingdom of Atlantia,Shire of Spiaggia Levantina,shire,No Calendar Listed,http://www.spiaggia-levantina.org,,2026-06-22
Kingdom of Atlantia,Shire of Ursus Bay,shire,No Calendar Listed,http://ursus-bay.atlantia.sca.org/,,2026-06-22
Kingdom of Avacal,Barony of Borealis,barony,No Calendar Listed,,,2026-06-22
Kingdom of Avacal,Barony of Montengarde,barony,No Calendar Listed,http://www.montengarde.org,,2026-06-22
Kingdom of Avacal,Barony of Myrgan Wood,barony,No Calendar Listed,http://www.myrganwood.org/,,2026-06-22
Kingdom of Avacal,Shire of Ayresgarde,shire,No Calendar Listed,,,2026-06-22
Kingdom of Avacal,Shire of Bordergate,shire,No Calendar Listed,,,2026-06-22
Kingdom of Avacal,Shire of Sigelhundas,shire,No Calendar Listed,,,2026-06-22
Kingdom of Avacal,Shire of Valley Wold,shire,No Calendar Listed,https://www.facebook.com/groups/valleywold,,2026-06-22
Kingdom of Avacal,Shire of Vinjar,shire,No Calendar Listed,https://www.facebook.com/groups/274358419340188,,2026-06-22
Kingdom of Avacal,Shire of Windwyrm,shire,No Calendar Listed,https://shire-of-windwyrm.carrd.co/,,2026-06-22
Kingdom of Caid,Barony of Altavia,barony,No Calendar Listed,https://altavia.sca-caid.org/,,2026-06-22
Kingdom of Caid,Barony of Calafia,barony,No Calendar Listed,https://places.sca-caid.org/calafia/,,2026-06-22
Kingdom of Caid,Barony of Dreiburgen,barony,No Calendar Listed,https://dreiburgen.sca-caid.org/,,2026-06-22
Kingdom of Caid,Barony of Dun Or,barony,No Calendar Listed,https://dunor.sca-caid.org/,,2026-06-22
Kingdom of Caid,Barony of Gyldenholt,barony,No Calendar Listed,http://places.sca-caid.org/Gyldenholt,,2026-06-22
Kingdom of Caid,Barony of Lyondemere,barony,No Calendar Listed,https://lyondemere.sca-caid.org/,,2026-06-22
Kingdom of Caid,Barony of Naevehjem,barony,No Calendar Listed,http://places.sca-caid.org/naevehjem,,2026-06-22
Kingdom of Caid,Barony of Nordwache,barony,No Calendar Listed,http://places.sca-caid.org/nordwache,,2026-06-22
Kingdom of Caid,Barony of Starkhafn,barony,No Calendar Listed,https://starkhafn.sca-caid.org/,,2026-06-22
Kingdom of Caid,Barony of Western Seas,barony,No Calendar Listed,https://westernseas.sca-caid.org/,,2026-06-22
Kingdom of Caid,Barony of Wintermist,barony,No Calendar Listed,https://places.sca-caid.org/wintermist/,,2026-06-22
Kingdom of Caid,Barony of the Angels,barony,No Calendar Listed,http://places.sca-caid.org/angels,,2026-06-22
Kingdom of Caid,Shire Of Carreg Wen,shire,No Calendar Listed,https://carreg-wen.sca-caid.org/,,2026-06-22
Kingdom of Caid,Shire of Al-Sahid,shire,No Calendar Listed,http://places.sca-caid.org/alsahid/,,2026-06-22
Kingdom of Caid,Shire of Darach,shire,No Calendar Listed,https://places.sca-caid.org/darach/,,2026-06-22
Kingdom of Caid,Shire of the Isles,shire,No Calendar Listed,https://places.sca-caid.org/isles,,2026-06-22
Kingdom of Calontir,Barony Of Vatavia,barony,No Calendar Listed,https://vatavia.calontir.org,,2026-06-22
Kingdom of Calontir,Barony of Coeur d'Ennui,barony,No Calendar Listed,https://cde.calontir.org,,2026-06-22
Kingdom of Calontir,Barony of Forgotten Sea,barony,No Calendar Listed,https://forgottensea.calontir.org,,2026-06-22
Kingdom of Calontir,Barony of Mag Mor,barony,No Calendar Listed,https://magmor.calontir.org,,2026-06-22
Kingdom of Calontir,Barony of Three Rivers,barony,No Calendar Listed,https://b3r.calontir.org,,2026-06-22
Kingdom of Calontir,Barony of the Lonely Tower,barony,No Calendar Listed,https://lonelytower.calontir.org,,2026-06-22
Kingdom of Calontir,Shire of Cum An Iolair,shire,No Calendar Listed,https://shirecai.calontir.org,,2026-06-22
Kingdom of Calontir,Shire of Heraldshill,shire,No Calendar Listed,https://heraldshill.calontir.org,,2026-06-22
Kingdom of Calontir,Shire of Lost Moor,shire,No Calendar Listed,https://lostmoor.calontir.org,,2026-06-22
Kingdom of Drachenwald,Barony of Aarnimetsä,barony,No Calendar Listed,http://www.aarnimetsa.org,,2026-06-22
Kingdom of Drachenwald,Barony of Eplaheimr,barony,No Calendar Listed,http://eplaheimr.org,,2026-06-22
Kingdom of Drachenwald,Barony of Gotvik,barony,No Calendar Listed,http://www.gotvik.se,,2026-06-22
Kingdom of Drachenwald,Barony of Knights Crossing,barony,No Calendar Listed,https://www.knightscrossing.org,,2026-06-22
Kingdom of Drachenwald,Barony of Styringheim,barony,No Calendar Listed,https://www.styringheim.se,,2026-06-22
Kingdom of Drachenwald,Canton of Drei Eichen,canton,No Calendar Listed,http://dreieichen.jimdo.com,,2026-06-22
Kingdom of Drachenwald,Canton of Hukka,canton,No Calendar Listed,http://www.hukka.org,,2026-06-22
Kingdom of Drachenwald,Canton of Humalasalo,canton,No Calendar Listed,http://humalasalo.net,,2026-06-22
Kingdom of Drachenwald,Canton of Kaarnemaa,canton,No Calendar Listed,http://kaarnemaa.org,,2026-06-22
Kingdom of Drachenwald,Canton of Meadowmarsh,canton,No Calendar Listed,http://www.meadowmarsh.de,,2026-06-22
Kingdom of Drachenwald,Canton of Miehonlinna,canton,No Calendar Listed,https://miehonlinna.wordpress.com,,2026-06-22
Kingdom of Drachenwald,Canton of Poukka,canton,No Calendar Listed,http://www.poukka.org,,2026-06-22
Kingdom of Drachenwald,Canton of Roterde,canton,No Calendar Listed,,,2026-06-22
Kingdom of Drachenwald,Canton of Turmstadt,canton,No Calendar Listed,http://www.turmstadt.de,,2026-06-22
Kingdom of Drachenwald,Canton of Unikankare,canton,No Calendar Listed,https://keskiaikaseuraunikankare.fi,,2026-06-22
Kingdom of Drachenwald,Canton of Vielburgen,canton,No Calendar Listed,,,2026-06-22
Kingdom of Drachenwald,College of St John of Rila,college,No Calendar Listed,,,2026-06-22
Kingdom of Drachenwald,Shire of Ad Flumen Caerulum,shire,No Calendar Listed,https://sca-austria.at,,2026-06-22
Kingdom of Drachenwald,Shire of Aros,shire,No Calendar Listed,http://aros.nordmark.org,,2026-06-22
Kingdom of Drachenwald,Shire of Attemark,shire,No Calendar Listed,https://attemark.se,,2026-06-22
Kingdom of Drachenwald,Shire of Baggeholm,shire,No Calendar Listed,http://www.baggeholm.se,,2026-06-22
Kingdom of Drachenwald,Shire of Depedene under Wychwood,shire,No Calendar Listed,https://www.depedene.org,,2026-06-22
Kingdom of Drachenwald,Shire of Dun in Mara,shire,No Calendar Listed,https://duninmara.org,,2026-06-22
Kingdom of Drachenwald,Shire of Fjellom,shire,No Calendar Listed,,,2026-06-22
Kingdom of Drachenwald,Shire of Flintheath,shire,No Calendar Listed,https://www.flintheath.org.uk,,2026-06-22
Kingdom of Drachenwald,Shire of Frostheim,shire,No Calendar Listed,http://www.frostheim.se,,2026-06-22
Kingdom of Drachenwald,Shire of Glen Rathlin,shire,No Calendar Listed,http://glenrathlin.org,,2026-06-22
Kingdom of Drachenwald,Shire of Gyllengran,shire,No Calendar Listed,https://gyllengran.nordmark.org,,2026-06-22
Kingdom of Drachenwald,Shire of Harpelstane,shire,No Calendar Listed,http://www.harpelstane.org,,2026-06-22
Kingdom of Drachenwald,Shire of Holmrike,shire,No Calendar Listed,http://holmrike.nordmark.org,,2026-06-22
Kingdom of Drachenwald,Shire of Juneborg,shire,No Calendar Listed,http://juneborg.nordmark.org,,2026-06-22
Kingdom of Drachenwald,Shire of Löghammar,shire,No Calendar Listed,https://loghammar.nordmark.org,,2026-06-22
Kingdom of Drachenwald,Shire of Mynydd Gwyn,shire,No Calendar Listed,http://www.mynydd-gwyn.org.uk,,2026-06-22
Kingdom of Drachenwald,Shire of Polderslot,shire,No Calendar Listed,http://www.polderslot.info,,2026-06-22
Kingdom of Drachenwald,Shire of Pont Alarch,shire,No Calendar Listed,https://pontalarch.insulaedraconis.org/about.html,,2026-06-22
Kingdom of Drachenwald,Shire of Reengarda,shire,No Calendar Listed,https://reengarda.se,,2026-06-22
Kingdom of Drachenwald,Shire of Thamesreach,shire,No Calendar Listed,http://www.thamesreach.org,,2026-06-22
Kingdom of Drachenwald,Shire of Trivium,shire,No Calendar Listed,https://shireoftrivium.com,,2026-06-22
Kingdom of Drachenwald,Shire of Ulvberget,shire,No Calendar Listed,,,2026-06-22
Kingdom of Drachenwald,Shire of Uma,shire,No Calendar Listed,http://www.skauma.org,,2026-06-22
Kingdom of Drachenwald,Shire of West Dragonshire,shire,No Calendar Listed,http://www.westdragonshire.org,,2026-06-22
Kingdom of Drachenwald,Shire of Örehus,shire,No Calendar Listed,http://orehus.nordmark.org,,2026-06-22
Kingdom of Ealdormere,Barony of Ben Dunfirth,barony,No Calendar Listed,https://ealdormere.ca/ben-dunfirth/,,2026-06-22
Kingdom of Ealdormere,Barony of Ramshaven,barony,No Calendar Listed,https://ealdormere.ca/barony-of-ramshaven/,,2026-06-22
Kingdom of Ealdormere,Barony of Rising Waters,barony,No Calendar Listed,https://ealdormere.ca/barony-of-rising-waters/,,2026-06-22
Kingdom of Ealdormere,Barony of Septentria,barony,No Calendar Listed,https://ealdormere.ca/barony-of-septentria,,2026-06-22
Kingdom of Ealdormere,Barony of Skraeling Althing,barony,No Calendar Listed,http://www.skraelingalthing.com/,,2026-06-22
Kingdom of Ealdormere,Canton of Ardchreag,canton,No Calendar Listed,https://ardchreag.wordpress.com/,,2026-06-22
Kingdom of Ealdormere,Canton of Beremere,canton,No Calendar Listed,https://ealdormere.ca/beremere/,,2026-06-22
Kingdom of Ealdormere,Canton of Bryniau Tywynnog,canton,No Calendar Listed,https://ealdormere.ca/bryniau-tywynnog/,,2026-06-22
Kingdom of Ealdormere,Canton of Caldrithig,canton,No Calendar Listed,http://www.skraelingalthing.com/caldrithig/,,2026-06-22
Kingdom of Ealdormere,Canton of Monadh,canton,No Calendar Listed,https://ealdormere.ca/canton-of-monadh,,2026-06-22
Kingdom of Ealdormere,Canton of Northgeatham,canton,No Calendar Listed,https://ealdormere.ca/canton-of-northgeatham/,,2026-06-22
Kingdom of Ealdormere,Canton of Petrea Thule,canton,No Calendar Listed,https://ealdormere.ca/petrea-thule,,2026-06-22
Kingdom of Ealdormere,Canton of Skeldergate,canton,No Calendar Listed,,,2026-06-22
Kingdom of Ealdormere,Canton of Vest Yorvik,canton,No Calendar Listed,,,2026-06-22
Kingdom of Ealdormere,Shire of Bastille du Lac,shire,No Calendar Listed,https://ealdormere.ca/bastille-du-lac,,2026-06-22
Kingdom of Ealdormere,Shire of Champcorbeau,shire,No Calendar Listed,https://www.ealdormere.ca/champcorbeau/,,2026-06-22
Kingdom of Ealdormere,Shire of Trinovantia Nova,shire,No Calendar Listed,https://ealdormere.ca/trinovantia-nova,,2026-06-22
Kingdom of Ealdormere,Shire of Ulfheim,shire,No Calendar Listed,,,2026-06-22
Kingdom of Ealdormere,Stronghold of Greyfells,stronghold,No Calendar Listed,http://skraelingalthing.com/wp/greyfells/,,2026-06-22
Kingdom of Ealdormere,Stronghold of Tor Brant,stronghold,No Calendar Listed,http://www.skraelingalthing.com/wp/torbrant/,,2026-06-22
Kingdom of Gleann Abhann,Barony of Axemoor,barony,No Calendar Listed,http://www.axemoor.net/,,2026-06-22
Kingdom of Gleann Abhann,Barony of Grey Niche,barony,No Calendar Listed,http://www.greyniche.net/,,2026-06-22
Kingdom of Gleann Abhann,Barony of Seleone,barony,No Calendar Listed,http://seleone.org,,2026-06-22
Kingdom of Gleann Abhann,Barony of Small Gray Bear,barony,No Calendar Listed,http://www.smallgraybear.org/,,2026-06-22
Kingdom of Gleann Abhann,Province of Lagerdamm,province,No Calendar Listed,http://www.lagerdamm.org/,,2026-06-22
Kingdom of Gleann Abhann,Shire of Ardanroe,shire,No Calendar Listed,,,2026-06-22
Kingdom of Gleann Abhann,Shire of Blackmoor Keep,shire,No Calendar Listed,,,2026-06-22
Kingdom of Gleann Abhann,Shire of Caer Dun,shire,No Calendar Listed,http://caerdun.net,,2026-06-22
Kingdom of Gleann Abhann,Shire of Coill Fhionnabhann,shire,No Calendar Listed,,,2026-06-22
Kingdom of Gleann Abhann,Shire of Dragoun’s Weal,shire,No Calendar Listed,,,2026-06-22
Kingdom of Gleann Abhann,Shire of Iron Ox,shire,No Calendar Listed,http://ironox.org/,,2026-06-22
Kingdom of Gleann Abhann,Shire of Loch Bais,shire,No Calendar Listed,,,2026-06-22
Kingdom of Gleann Abhann,Shire of Ravenshold,shire,No Calendar Listed,,,2026-06-22
Kingdom of Gleann Abhann,Shire of Smythkepe,shire,No Calendar Listed,,,2026-06-22
Kingdom of Gleann Abhann,Shire of Tor An Riogh,shire,No Calendar Listed,,,2026-06-22
Kingdom of Gleann Abhann,Shire of Troll Fen,shire,No Calendar Listed,http://troll-fen.org,,2026-06-22
Kingdom of Gleann Abhann,Shire of Vogelburg,shire,No Calendar Listed,,,2026-06-22
Kingdom of Gleann Abhann,Shire of Wyrmgeist,shire,No Calendar Listed,http://www.wyrmgeist.org/,,2026-06-22
Kingdom of Lochac,Barony of Aneala,barony,No Calendar Listed,https://aneala.lochac.sca.org/,,2026-06-22
Kingdom of Lochac,Barony of Ildhafn,barony,No Calendar Listed,https://ildhafn.lochac.sca.org/,,2026-06-22
Kingdom of Lochac,Barony of Innilgard,barony,No Calendar Listed,https://innilgard.lochac.sca.org/,,2026-06-22
Kingdom of Lochac,Barony of Kraé,barony,No Calendar Listed,https://kraeglas.lochac.sca.org/,,2026-06-22
Kingdom of Lochac,Barony of Mordenvale,barony,No Calendar Listed,https://mordenvale.lochac.sca.org/,,2026-06-22
Kingdom of Lochac,Barony of River Haven,barony,No Calendar Listed,https://riverhaven.lochac.sca.org/,,2026-06-22
Kingdom of Lochac,Barony of Rowany,barony,No Calendar Listed,https://rowany.lochac.sca.org/,,2026-06-22
Kingdom of Lochac,Barony of Southron Gaard,barony,No Calendar Listed,https://sg.lochac.sca.org/,,2026-06-22
Kingdom of Lochac,Barony of Stormhold,barony,No Calendar Listed,https://stormhold.lochac.sca.org/,,2026-06-22
Kingdom of Lochac,Barony of Ynys Fawr,barony,No Calendar Listed,https://ynysfawr.lochac.sca.org/,,2026-06-22
Kingdom of Lochac,Canton of Burnfield,canton,No Calendar Listed,https://burnfield.lochac.sca.org/,,2026-06-22
Kingdom of Lochac,Canton of Okewaite,canton,No Calendar Listed,https://okewaite.lochac.sca.org/,,2026-06-22
Kingdom of Lochac,Canton of Stowe-on-the-Wowld,canton,No Calendar Listed,https://stowe.lochac.sca.org/,,2026-06-22
Kingdom of Lochac,College of Blessed Herman the Cripple,college,No Calendar Listed,https://blessedherman.lochac.sca.org/,,2026-06-22
Kingdom of Lochac,College of St Basil the Great,college,No Calendar Listed,https://stbasil.lochac.sca.org/,,2026-06-22
Kingdom of Lochac,College of St Christina the Astonishing,college,No Calendar Listed,https://stchristina.lochac.sca.org/,,2026-06-22
Kingdom of Lochac,College of St Monica,college,No Calendar Listed,https://stmonica.lochac.sca.org/,,2026-06-22
Kingdom of Lochac,College of St Ursula,college,No Calendar Listed,https://stursula.lochac.sca.org/,,2026-06-22
Kingdom of Lochac,Shire of Adora,shire,No Calendar Listed,https://adora.lochac.sca.org/,,2026-06-22
Kingdom of Lochac,Shire of Bordescros,shire,No Calendar Listed,https://bordescros.lochac.sca.org/,,2026-06-22
Kingdom of Lochac,Shire of Darton,shire,No Calendar Listed,https://darton.lochac.sca.org/,,2026-06-22
Kingdom of Lochac,Shire of Dismal Fogs,shire,No Calendar Listed,https://dismalfogs.lochac.sca.org/,,2026-06-22
Kingdom of Meridies,Barony of Bryn Madoc,barony,No Calendar Listed,https://brynmadoc.meridies.org/,,2026-06-22
Kingdom of Meridies,Barony of Glaedenfeld,barony,No Calendar Listed,https://glaedenfeld.meridies.org/,,2026-06-22
Kingdom of Meridies,Barony of Iron Mountain,barony,No Calendar Listed,https://ironmountain.meridies.org/,,2026-06-22
Kingdom of Meridies,Barony of Osprey,barony,No Calendar Listed,https://osprey.meridies.org/,,2026-06-22
Kingdom of Meridies,Barony of South Downs,barony,No Calendar Listed,https://southdowns.meridies.org/,,2026-06-22
Kingdom of Meridies,Barony of Thor’s Mountain,barony,No Calendar Listed,https://thorsmountain.meridies.org/,,2026-06-22
Kingdom of Meridies,Canton of Hochwald,canton,No Calendar Listed,https://thorsmountain.meridies.org/,,2026-06-22
Kingdom of Meridies,Canton of South Reach,canton,No Calendar Listed,https://glaedenfeld.meridies.org/,,2026-06-22
Kingdom of Meridies,College of Phoenix Rising,college,No Calendar Listed,https://phoenixrising.meridies.org/,,2026-06-22
Kingdom of Meridies,Province of Glynn Rhe,province,No Calendar Listed,https://glynnrhe.meridies.org/,,2026-06-22
Kingdom of Meridies,Shire Des Forges,shire,No Calendar Listed,https://desforges.meridies.org/,,2026-06-22
Kingdom of Meridies,Shire of Arenal,shire,No Calendar Listed,https://arenal.meridies.org/,,2026-06-22
Kingdom of Meridies,Shire of Beau Fort,shire,No Calendar Listed,https://beaufort.meridies.org/,,2026-06-22
Kingdom of Meridies,Shire of Crimson River,shire,No Calendar Listed,https://crimsonriver.meridies.org/wp/,,2026-06-22
Kingdom of Meridies,Shire of Depedale,shire,No Calendar Listed,https://depedale.meridies.org/,,2026-06-22
Kingdom of Meridies,Shire of Drakenmere,shire,No Calendar Listed,http://drakenmere.meridies.org/,,2026-06-22
Kingdom of Meridies,Shire of Easaraigh,shire,No Calendar Listed,https://easaraigh.meridies.org/,,2026-06-22
Kingdom of Meridies,Shire of Forth Castle,shire,No Calendar Listed,https://forthcastle.meridies.org/,,2026-06-22
Kingdom of Meridies,Shire of Loch Cairn,shire,No Calendar Listed,http://lochcairn.meridies.org/,,2026-06-22
Kingdom of Meridies,Shire of Loch an Fhraoich,shire,No Calendar Listed,https://lakeofheather.meridies.org,,2026-06-22
Kingdom of Meridies,Shire of Marion Glen,shire,No Calendar Listed,https://marionglen.meridies.org/,,2026-06-22
Kingdom of Meridies,Shire of Nant-y-Derwyddon,shire,No Calendar Listed,https://nyd.meridies.org/,,2026-06-22
Kingdom of Meridies,Shire of Okeborne Keep,shire,No Calendar Listed,https://okebornekeep.meridies.org/,,2026-06-22
Kingdom of Meridies,Shire of Owl's Nest,shire,No Calendar Listed,https://owlsnest.meridies.org/,,2026-06-22
Kingdom of Meridies,Shire of Phoenix Glade,shire,No Calendar Listed,https://phoenixglade.meridies.org/,,2026-06-22
Kingdom of Meridies,Shire of Redewolfden,shire,No Calendar Listed,http://redewolfden.meridies.org/,,2026-06-22
Kingdom of Meridies,Shire of Rising Stone,shire,No Calendar Listed,https://risingstone.meridies.org/,,2026-06-22
Kingdom of Meridies,Shire of Sol Haven,shire,No Calendar Listed,,,2026-06-22
Kingdom of Meridies,Shire of Thorngill,shire,No Calendar Listed,https://thorngill.meridies.org/,,2026-06-22
Kingdom of Meridies,Shire of Tir Briste,shire,No Calendar Listed,https://tirbriste.meridies.org/,,2026-06-22
Kingdom of Meridies,Shire of Vulpine Reach,shire,No Calendar Listed,https://vulpinereach.meridies.org/,,2026-06-22
Kingdom of Meridies,Stronghold of Dragonfly Marsh,stronghold,No Calendar Listed,https://dragonfly.meridies.org,,2026-06-22
Kingdom of Northshield,Barony of Caer Anterth Mawr,barony,No Calendar Listed,https://storymaps.arcgis.com/stories/2a12e90306a949a0bef0a66666a1f3a2,,2026-06-22
Kingdom of Northshield,Barony of Castel Rouge,barony,No Calendar Listed,https://storymaps.arcgis.com/stories/2a12e90306a949a0bef0a66666a1f3a2,,2026-06-22
Kingdom of Northshield,Barony of Jararvellir,barony,No Calendar Listed,https://storymaps.arcgis.com/stories/2a12e90306a949a0bef0a66666a1f3a2,,2026-06-22
Kingdom of Northshield,Barony of Nordskogen,barony,No Calendar Listed,https://storymaps.arcgis.com/stories/2a12e90306a949a0bef0a66666a1f3a2,,2026-06-22
Kingdom of Northshield,Barony of Windhaven,barony,No Calendar Listed,https://storymaps.arcgis.com/stories/2a12e90306a949a0bef0a66666a1f3a2,,2026-06-22
Kingdom of Northshield,Canton of Coille Stoirmeil,canton,No Calendar Listed,https://storymaps.arcgis.com/stories/2a12e90306a949a0bef0a66666a1f3a2,,2026-06-22
Kingdom of Northshield,Canton of Nordleigh,canton,No Calendar Listed,https://storymaps.arcgis.com/stories/2a12e90306a949a0bef0a66666a1f3a2,,2026-06-22
Kingdom of Northshield,College of Svaty Sebesta,college,No Calendar Listed,https://storymaps.arcgis.com/stories/2a12e90306a949a0bef0a66666a1f3a2,,2026-06-22
Kingdom of Northshield,Shire of Border Downs,shire,No Calendar Listed,https://storymaps.arcgis.com/stories/2a12e90306a949a0bef0a66666a1f3a2,,2026-06-22
Kingdom of Northshield,Shire of Coldedernhale,shire,No Calendar Listed,https://storymaps.arcgis.com/stories/2a12e90306a949a0bef0a66666a1f3a2,,2026-06-22
Kingdom of Northshield,Shire of Darkstone,shire,No Calendar Listed,https://storymaps.arcgis.com/stories/2a12e90306a949a0bef0a66666a1f3a2,,2026-06-22
Kingdom of Northshield,Shire of Dreibrucken,shire,No Calendar Listed,https://storymaps.arcgis.com/stories/2a12e90306a949a0bef0a66666a1f3a2,,2026-06-22
Kingdom of Northshield,Shire of Falcon’s Keep,shire,No Calendar Listed,https://storymaps.arcgis.com/stories/2a12e90306a949a0bef0a66666a1f3a2,,2026-06-22
Kingdom of Northshield,Shire of Inner Sea,shire,No Calendar Listed,https://storymaps.arcgis.com/stories/2a12e90306a949a0bef0a66666a1f3a2,,2026-06-22
Kingdom of Northshield,Shire of Korsvag,shire,No Calendar Listed,https://storymaps.arcgis.com/stories/2a12e90306a949a0bef0a66666a1f3a2,,2026-06-22
Kingdom of Northshield,Shire of Mare Amethystinum,shire,No Calendar Listed,https://storymaps.arcgis.com/stories/2a12e90306a949a0bef0a66666a1f3a2,,2026-06-22
Kingdom of Northshield,Shire of Midewinde,shire,No Calendar Listed,https://storymaps.arcgis.com/stories/2a12e90306a949a0bef0a66666a1f3a2,,2026-06-22
Kingdom of Northshield,Shire of Rivenwood Tower,shire,No Calendar Listed,https://storymaps.arcgis.com/stories/2a12e90306a949a0bef0a66666a1f3a2,,2026-06-22
Kingdom of Northshield,Shire of Rockhaven,shire,No Calendar Listed,https://storymaps.arcgis.com/stories/2a12e90306a949a0bef0a66666a1f3a2,,2026-06-22
Kingdom of Northshield,Shire of Rokeclif,shire,No Calendar Listed,https://storymaps.arcgis.com/stories/2a12e90306a949a0bef0a66666a1f3a2,,2026-06-22
Kingdom of Northshield,Shire of Schattentor,shire,No Calendar Listed,https://storymaps.arcgis.com/stories/2a12e90306a949a0bef0a66666a1f3a2,,2026-06-22
Kingdom of Northshield,Shire of Silfren Mere,shire,No Calendar Listed,https://storymaps.arcgis.com/stories/2a12e90306a949a0bef0a66666a1f3a2,,2026-06-22
Kingdom of Northshield,Shire of Skerjastrond,shire,No Calendar Listed,https://storymaps.arcgis.com/stories/2a12e90306a949a0bef0a66666a1f3a2,,2026-06-22
Kingdom of Northshield,Shire of Trewint,shire,No Calendar Listed,https://storymaps.arcgis.com/stories/2a12e90306a949a0bef0a66666a1f3a2,,2026-06-22
Kingdom of Northshield,Shire of Vilku Urvas,shire,No Calendar Listed,https://storymaps.arcgis.com/stories/2a12e90306a949a0bef0a66666a1f3a2,,2026-06-22
Kingdom of Trimaris,Barony of An Crosaire,barony,No Calendar Listed,https://www.ancrosaire.org/,,2026-06-22
Kingdom of Trimaris,Barony of Castlemere,barony,No Calendar Listed,https://www.castlemere.org/,,2026-06-22
Kingdom of Trimaris,Barony of Darkwater,barony,No Calendar Listed,https://www.baronyofdarkwater.org/,,2026-06-22
Kingdom of Trimaris,Barony of Oldenfeld,barony,No Calendar Listed,https://www.oldenfeld.org/,,2026-06-22
Kingdom of Trimaris,Canton Of Brymmestreme (An Crosaire),canton,No Calendar Listed,https://brymmestreme.ancrosaire.org/home,,2026-06-22
Kingdom of Trimaris,Canton of Amurgorod (An Crosaire),canton,No Calendar Listed,https://www.ocalasca.com/home,,2026-06-22
Kingdom of Trimaris,Shire of Sangre del Sol,shire,No Calendar Listed,,,2026-06-22
Kingdom of Trimaris,Shire of Sea March,shire,No Calendar Listed,,,2026-06-22
Kingdom of Trimaris,Shire of Southkeep,shire,No Calendar Listed,,,2026-06-22
Kingdom of Trimaris,Shire of Tri Os,shire,No Calendar Listed,,,2026-06-22
Kingdom of the East,Barony of An Dubhaigeainn,barony,No Calendar Listed,https://andub.eastkingdom.org,,2026-06-22
Kingdom of the East,Barony of Bergental,barony,No Calendar Listed,https://bergental.eastkingdom.org,,2026-06-22
Kingdom of the East,Barony of Beyond the Mountain,barony,No Calendar Listed,https://bbm.eastkingdom.org,,2026-06-22
Kingdom of the East,Barony of Bhakail,barony,No Calendar Listed,https://bhakail.eastkingdom.org,,2026-06-22
Kingdom of the East,Barony of Buckland Cross,barony,No Calendar Listed,https://bucklandcross.eastkingdom.org,,2026-06-22
Kingdom of the East,Barony of Carillion,barony,No Calendar Listed,https://carillion.eastkingdom.org,,2026-06-22
Kingdom of the East,Barony of Carolingia,barony,https://www.google.com/calendar/ical/c_9f2bb029e0685a0401901930b9fe78acf41ca17773ea62c6bb701e5fe17694f7%40group.calendar.google.com/public/basic.ics,https://carolingia.eastkingdom.org,,2026-06-22
Kingdom of the East,Barony of Concordia of the Snows,barony,https://www.google.com/calendar/ical/ab1ck2oprvq27pcknmug57mhu0%40group.calendar.google.com/public/basic.ics,https://concordia.eastkingdom.org,,2026-06-22
Kingdom of the East,Barony of Dragonship Haven,barony,https://www.google.com/calendar/ical/c_532d7ba214e09e0cfa6859eaa2535363fca6a18854266d9e0179ae3724075fd8%40group.calendar.google.com/public/basic.ics,https://dragonshiphaven.eastkingdom.org,,2026-06-22
Kingdom of the East,Barony of Endewearde,barony,No Calendar Listed,https://endewearde.eastkingdom.org,,2026-06-22
Kingdom of the East,Barony of Havre des Glaces,barony,No Calendar Listed,https://havredesglaces.eastkingdom.org,,2026-06-22
Kingdom of the East,Barony of Iron Bog,barony,No Calendar Listed,https://ironbog.eastkingdom.org,,2026-06-22
Kingdom of the East,Barony of Ruantallan,barony,https://ruantallan.eastkingdom.org/?ical=1,https://ruantallan.eastkingdom.org,,2026-06-22
Kingdom of the East,Barony of Settmour Swamp,barony,No Calendar Listed,https://settmourswamp.eastkingdom.org,,2026-06-22
Kingdom of the East,Barony of Smoking Rocks,barony,No Calendar Listed,https://smokingrocks.eastkingdom.org,,2026-06-22
Kingdom of the East,Barony of Stonemarche,barony,No Calendar Listed,https://stonemarche.eastkingdom.org,,2026-06-22
Kingdom of the East,Barony of the Bridge,barony,No Calendar Listed,https://baronyofthebridge.eastkingdom.org,,2026-06-22
Kingdom of the East,Canton of Appleholm,canton,No Calendar Listed,https://appleholm.eastkingdom.org,,2026-06-22
Kingdom of the East,Canton of Basingestoches,canton,No Calendar Listed,https://basingestoches.eastkingdom.org/,,2026-06-22
Kingdom of the East,Canton of Brokenbridge,canton,https://www.google.com/calendar/ical/diii87giqlcb15a1sf66nbsnb0%40group.calendar.google.com/public/basic.ics,https://brokenbridge.eastkingdom.org,,2026-06-22
Kingdom of the East,Canton of Distant Shore,canton,No Calendar Listed,https://distantshore.eastkingdom.org,,2026-06-22
Kingdom of the East,Canton of Gryphonwald,canton,No Calendar Listed,https://gryphonwald.eastkingdom.org,,2026-06-22
Kingdom of the East,Canton of Hawke's Reache,canton,No Calendar Listed,https://hawkesreache.eastkingdom.org,,2026-06-22
Kingdom of the East,Canton of Lions End,canton,No Calendar Listed,https://lionsend.eastkingdom.org,,2026-06-22
Kingdom of the East,Canton of Midland Vale,canton,No Calendar Listed,https://midlandvale.eastkingdom.org,,2026-06-22
Kingdom of the East,Canton of Northpass,canton,No Calendar Listed,https://northpass.eastkingdom.org,,2026-06-22
Kingdom of the East,Canton of Old Stonebridges,canton,https://www.google.com/calendar/ical/eastkingdom.org_r65fh2dk7iqa9g6ueekk28uo54%40group.calendar.google.com/public/basic.ics,https://oldstonebridges.eastkingdom.org/,,2026-06-22
Kingdom of the East,Canton of Seashire,canton,No Calendar Listed,https://seashire.eastkingdom.org,,2026-06-22
Kingdom of the East,Canton of Ynys y Gwaun,canton,No Calendar Listed,https://ynysygwaun.eastkingdom.org,,2026-06-22
Kingdom of the East,Canton of the Towers,canton,No Calendar Listed,https://towers.eastkingdom.org/,,2026-06-22
Kingdom of the East,Crown Principality of Tir Mara Website Shire of Ar n-Eilean-ne,crown principality,No Calendar Listed,,,2026-06-22
Kingdom of the East,Province of Malagentia,province,No Calendar Listed,https://malagentia.eastkingdom.org,,2026-06-22
Kingdom of the East,Province of Østgarðr,province,No Calendar Listed,,,2026-06-22
Kingdom of the East,Riding of Giggleswick,riding,No Calendar Listed,https://giggleswick.eastkingdom.org,,2026-06-22
Kingdom of the East,Riding of Ravensbridge,riding,No Calendar Listed,https://ravensbridge.eastkingdom.org,,2026-06-22
Kingdom of the East,Shire of Anglespur,shire,No Calendar Listed,https://anglespur.eastkingdom.org,,2026-06-22
Kingdom of the East,Shire of Avonmore,shire,No Calendar Listed,https://avonmore.eastkingdom.org,,2026-06-22
Kingdom of the East,Shire of Barren Sands,shire,No Calendar Listed,https://barrensands.eastkingdom.org,,2026-06-22
Kingdom of the East,Shire of Blak Rose,shire,No Calendar Listed,https://blakrose.eastkingdom.org,,2026-06-22
Kingdom of the East,Shire of Caer Adamant,shire,No Calendar Listed,https://caer-adamant.eastkingdom.org,,2026-06-22
Kingdom of the East,Shire of Coill Tuar,shire,No Calendar Listed,https://coilltuar.eastkingdom.org,,2026-06-22
Kingdom of the East,Shire of Coldwood,shire,No Calendar Listed,https://coldwood.eastkingdom.org,,2026-06-22
Kingdom of the East,Shire of Eisental,shire,https://www.eisental.eastkingdom.org/feed/eo-events,https://www.eisental.eastkingdom.org,,2026-06-22
Kingdom of the East,Shire of Glenn Linn,shire,No Calendar Listed,https://glennlinn.eastkingdom.org,,2026-06-22
Kingdom of the East,Shire of Hadchester,shire,No Calendar Listed,https://hadchester.eastkingdom.org/,,2026-06-22
Kingdom of the East,Shire of Hartshorn-dale,shire,No Calendar Listed,http://hartshorn-dale.eastkingdom.org,,2026-06-22
Kingdom of the East,Shire of Lyndhaven,shire,No Calendar Listed,https://lyndhaven.eastkingdom.org,,2026-06-22
Kingdom of the East,Shire of Montevale,shire,No Calendar Listed,https://montevale.eastkingdom.org,,2026-06-22
Kingdom of the East,Shire of Mountain Freehold,shire,No Calendar Listed,https://mountainfreehold.eastkingdom.org,,2026-06-22
Kingdom of the East,Shire of Nordenhalle,shire,No Calendar Listed,https://nordenhal.eastkingdom.org,,2026-06-22
Kingdom of the East,Shire of Northern Outpost,shire,No Calendar Listed,https://northernoutpost.eastkingdom.org,,2026-06-22
Kingdom of the East,Shire of Owlsherst,shire,https://www.google.com/calendar/ical/c_msaukb1eicop7tulld2idjg1m4%40group.calendar.google.com/public/basic.ics,https://owlsherst.eastkingdom.org,,2026-06-22
Kingdom of the East,Shire of Panther Vale,shire,No Calendar Listed,https://panthervale.eastkingdom.org,,2026-06-22
Kingdom of the East,Shire of Quintavia,shire,https://www.google.com/calendar/ical/013sn8fvdtsbvs6f12ngnkhtbs%40group.calendar.google.com/public/basic.ics,https://quintavia.eastkingdom.org,,2026-06-22
Kingdom of the East,Shire of Rusted Woodlands,shire,No Calendar Listed,https://rustedwoodlands.eastkingdom.org,,2026-06-22
Kingdom of the Middle,Barony of Andelcrag,barony,No Calendar Listed,https://andelcrag.midrealm.org/,,2026-06-22
Kingdom of the Middle,Barony of Ayreton,barony,No Calendar Listed,https://ayreton.midrealm.org/,,2026-06-22
Kingdom of the Middle,Barony of Brendoken,barony,No Calendar Listed,https://brendoken.midrealm.org/,,2026-06-22
Kingdom of the Middle,Barony of Carraig Ban,barony,No Calendar Listed,https://www.midrealm.org/,,2026-06-22
Kingdom of the Middle,Barony of Cynnabar,barony,No Calendar Listed,https://cynnabar.midrealm.org/,,2026-06-22
Kingdom of the Middle,Barony of Fenix,barony,No Calendar Listed,https://fenix.midrealm.org/,,2026-06-22
Kingdom of the Middle,Barony of Flaming Gryphon,barony,No Calendar Listed,https://www.midrealm.org/,,2026-06-22
Kingdom of the Middle,Barony of Illiton,barony,No Calendar Listed,https://illiton.midrealm.org/,,2026-06-22
Kingdom of the Middle,Barony of Northwoods,barony,No Calendar Listed,https://northwoods.midrealm.org/,,2026-06-22
Kingdom of the Middle,Barony of Red Spears,barony,No Calendar Listed,https://redspears.midrealm.org/,,2026-06-22
Kingdom of the Middle,Barony of Rivenstar,barony,No Calendar Listed,https://rivenstar.midrealm.org/,,2026-06-22
Kingdom of the Middle,Barony of Roaring Wastes,barony,No Calendar Listed,https://www.midrealm.org/,,2026-06-22
Kingdom of the Middle,Barony of Shattered Crystal,barony,No Calendar Listed,https://www.midrealm.org/,,2026-06-22
Kingdom of the Middle,Barony of Sternfeld,barony,No Calendar Listed,https://sternfeld.midrealm.org/,,2026-06-22
Kingdom of the Middle,Barony of the Cleftlands,barony,No Calendar Listed,https://www.midrealm.org/,,2026-06-22
Kingdom of the Middle,Barony of the Flame,barony,No Calendar Listed,https://www.midrealm.org/,,2026-06-22
Kingdom of the Middle,Canton of Ealdnordwuda,canton,No Calendar Listed,https://ealdnordwuda.midrealm.org/,,2026-06-22
Kingdom of the Middle,Canton of Hrothgeirsfjordr,canton,No Calendar Listed,https://www.midrealm.org/,,2026-06-22
Kingdom of the Middle,Canton of Pferdestadt,canton,No Calendar Listed,https://pferdestadt.midrealm.org/,,2026-06-22
Kingdom of the Middle,Canton of Rimsholt,canton,No Calendar Listed,https://rimsholt.midrealm.org/,,2026-06-22
Kingdom of the Middle,Canton of Vanished Wood,canton,No Calendar Listed,https://www.midrealm.org/,,2026-06-22
Kingdom of the Middle,Province of Tree-Girt-Sea,province,No Calendar Listed,https://www.midrealm.org/,,2026-06-22
Kingdom of the Middle,Riding of Hawkland Moor,riding,No Calendar Listed,https://www.midrealm.org/,,2026-06-22
Kingdom of the Middle,Shire of Dark River,shire,No Calendar Listed,https://www.midrealm.org/,,2026-06-22
Kingdom of the Middle,Shire of Dernehealde,shire,No Calendar Listed,https://dernehealde.midrealm.org/,,2026-06-22
Kingdom of the Middle,Shire of Donnershafen,shire,No Calendar Listed,https://www.midrealm.org/,,2026-06-22
Kingdom of the Middle,Shire of Dragonsmark,shire,No Calendar Listed,https://dragonsmark.midrealm.org/,,2026-06-22
Kingdom of the Middle,Shire of Falcon's Quarry,shire,No Calendar Listed,https://www.midrealm.org/,,2026-06-22
Kingdom of the Middle,Shire of Lochmorrow,shire,No Calendar Listed,https://www.midrealm.org/,,2026-06-22
Kingdom of the Middle,Shire of Mugmort,shire,No Calendar Listed,https://mugmort.midrealm.org/,,2026-06-22
Kingdom of the Middle,Shire of Mynydd Seren,shire,No Calendar Listed,https://www.midrealm.org/,,2026-06-22
Kingdom of the Middle,Shire of Narrental,shire,No Calendar Listed,https://narrental.midrealm.org/,,2026-06-22
Kingdom of the Middle,Shire of Ravenslake,shire,No Calendar Listed,https://www.midrealm.org/,,2026-06-22
Kingdom of the Middle,Shire of Rivenvale,shire,No Calendar Listed,https://www.midrealm.org/,,2026-06-22
Kingdom of the Middle,Shire of Rokkehealden,shire,No Calendar Listed,https://rokkehealden.midrealm.org/,,2026-06-22
Kingdom of the Middle,Shire of Shadowed Stars,shire,No Calendar Listed,https://www.midrealm.org/,,2026-06-22
Kingdom of the Middle,Shire of Stormvale,shire,No Calendar Listed,https://www.midrealm.org/,,2026-06-22
Kingdom of the Middle,Shire of Swordcliff,shire,No Calendar Listed,https://swordcliff.midrealm.org/,,2026-06-22
Kingdom of the Middle,Shire of Tirnewydd,shire,No Calendar Listed,https://www.midrealm.org/,,2026-06-22
Kingdom of the Outlands,Barony of Aarquelle,barony,https://www.google.com/calendar/ical/aarquelle%40gmail.com/public/basic.ics,https://aarquelle.outlands.org,,2026-06-22
Kingdom of the Outlands,Barony of Caer Galen,barony,No Calendar Listed,https://caergalen.outlands.org,,2026-06-22
Kingdom of the Outlands,Barony of Caerthe,barony,No Calendar Listed,https://caerthe.outlands.org,,2026-06-22
Kingdom of the Outlands,Barony of Dragonsspine,barony,No Calendar Listed,https://dragonsspine.outlands.org,,2026-06-22
Kingdom of the Outlands,Barony of Unser Hafen,barony,https://calendar.google.com/calendar/ical/5pb6cnjq95h42r903klmf27sqk%40group.calendar.google.com/public/basic.ics,https://unserhafen.outlands.org,,2026-06-22
Kingdom of the Outlands,Barony of al-Barran,barony,No Calendar Listed,https://al-barran.outlands.org/,,2026-06-22
Kingdom of the Outlands,College of Blaiddwyn,college,No Calendar Listed,https://blaiddwyn.unm.edu/,,2026-06-22
Kingdom of the Outlands,College of St. Golias,college,No Calendar Listed,http://www.saintgolias.outlands.org/,,2026-06-22
Kingdom of the Outlands,Shire of Blackwater Keep,shire,No Calendar Listed,,,2026-06-22
Kingdom of the Outlands,Shire of Bryngolau,shire,No Calendar Listed,https://bryngolau.outlands.org,,2026-06-22
Kingdom of the Outlands,Shire of Draca Mor,shire,No Calendar Listed,https://dracamor.outlands.org,,2026-06-22
Kingdom of the Outlands,Shire of Drygestan,shire,No Calendar Listed,https://drygestan.outlands.org,,2026-06-22
Kingdom of the Outlands,Shire of Fontaine dans Sable,shire,No Calendar Listed,https://fontaine.outlands.org,,2026-06-22
Kingdom of the Outlands,Shire of Nahrun Kabirun,shire,No Calendar Listed,,,2026-06-22
Kingdom of the Outlands,Shire of Rio de las Animas,shire,No Calendar Listed,https://riodelasanimas.wordpress.com/,,2026-06-22
Kingdom of the Outlands,Shire of White Mountain,shire,https://whitemountain.outlands.org/?ical=1,https://whitemountain.outlands.org,,2026-06-22
Kingdom of the Outlands,Shire of Windkeep,shire,No Calendar Listed,https://windkeep.outlands.org,,2026-06-22
Kingdom of the West,Barony of Darkwood,barony,No Calendar Listed,https://mists.westkingdom.org/branches-groups/#darkwood,,2026-06-22
Kingdom of the West,Barony of Eskalya,barony,No Calendar Listed,,,2026-06-22
Kingdom of the West,Barony of Fettburg,barony,No Calendar Listed,https://fettburg.westkingdom.org/,,2026-06-22
Kingdom of the West,Barony of Rivenoak,barony,No Calendar Listed,http://rivenoak.westkingdom.org/,,2026-06-22
Kingdom of the West,Barony of Selveirgard,barony,No Calendar Listed,,,2026-06-22
Kingdom of the West,Barony of Westermark,barony,No Calendar Listed,https://mists.westkingdom.org/branches-groups/#westermark,,2026-06-22
Kingdom of the West,Barony of Winter's Gate,barony,No Calendar Listed,,,2026-06-22
Kingdom of the West,Canton of Hawk's Haven,canton,No Calendar Listed,https://mists.westkingdom.org/branches-groups/#hawks-haven,,2026-06-22
Kingdom of the West,Canton of Montagne du Roi,canton,No Calendar Listed,https://mists.westkingdom.org/branches-groups/#montaigne-du-roi,,2026-06-22
Kingdom of the West,College of Saint Boniface,college,No Calendar Listed,,,2026-06-22
Kingdom of the West,College of Saint Katherine,college,No Calendar Listed,https://mists.westkingdom.org/branches-groups/#college-of-st-katherine,,2026-06-22
Kingdom of the West,College of St. David,college,No Calendar Listed,https://mists.westkingdom.org/branches-groups/#college-of-st-davis,,2026-06-22
Kingdom of the West,Principality of Cynagua,principality,No Calendar Listed,http://cynagua.westkingdom.org,,2026-06-22
Kingdom of the West,Principality of Oertha,principality,No Calendar Listed,http://oertha.westkingdom.org,,2026-06-22
Kingdom of the West,Principality of the Mists,principality,No Calendar Listed,http://mists.westkingdom.org,,2026-06-22
Kingdom of the West,Province of Golden Rivers,province,No Calendar Listed,http://www.goldenrivers.westkingdom.org/,,2026-06-22
Kingdom of the West,Province of Silver Desert,province,No Calendar Listed,http://silverdesert.westkingdom.org/,,2026-06-22
Kingdom of the West,Province of Southern Shores,province,No Calendar Listed,https://mists.westkingdom.org/branches-groups/#southern-shores,,2026-06-22
Kingdom of the West,Province of the Mists,province,No Calendar Listed,https://mists.westkingdom.org/branches-groups/#province-of-the-mists,,2026-06-22
Kingdom of the West,Shire of Belogor,shire,No Calendar Listed,,,2026-06-22
Kingdom of the West,Shire of Caldarium,shire,No Calendar Listed,https://mists.westkingdom.org/branches-groups/#caldarium,,2026-06-22
Kingdom of the West,Shire of Canale,shire,No Calendar Listed,http://canale.westkingdom.org/,,2026-06-22
Kingdom of the West,Shire of Champclair,shire,No Calendar Listed,https://www.facebook.com/groups/653122331461417/,,2026-06-22
Kingdom of the West,Shire of Cloondara,shire,No Calendar Listed,https://mists.westkingdom.org/branches-groups/#cloondara,,2026-06-22
Kingdom of the West,Shire of Crosston,shire,No Calendar Listed,https://mists.westkingdom.org/branches-groups/#crosston,,2026-06-22
Kingdom of the West,Shire of Danegeld Tor,shire,No Calendar Listed,https://danegeldtor.westkingdom.org/,,2026-06-22
Kingdom of the West,Shire of Earngyld,shire,No Calendar Listed,,,2026-06-22
Kingdom of the West,Shire of Fendrake Marsh,shire,No Calendar Listed,,,2026-06-22
Kingdom of the West,Shire of Hrafnafjordr,shire,No Calendar Listed,,,2026-06-22
Kingdom of the West,Shire of Mountain's Gate,shire,No Calendar Listed,http://mountainsgate.westkingdom.org/,,2026-06-22
Kingdom of the West,Shire of Pavlok Gorod,shire,No Calendar Listed,,,2026-06-22
Kingdom of the West,Shire of Teufelberg,shire,No Calendar Listed,https://mists.westkingdom.org/branches-groups/#teufelberg,,2026-06-22
Kingdom of the West,Shire of Thistletorr,shire,No Calendar Listed,,,2026-06-22
Kingdom of the West,Shire of Vakkerfjell,shire,No Calendar Listed,https://www.facebook.com/groups/131805570222282/,,2026-06-22
Kingdom of the West,Shire of Vinhold,shire,No Calendar Listed,https://mists.westkingdom.org/branches-groups/#vinhold,,2026-06-22
Kingdom of the West,Shire of Windy Meads,shire,No Calendar Listed,https://www.facebook.com/groups/409695855792198,,2026-06-22
Kingdom of the West,Shire of Wolfscairn,shire,No Calendar Listed,https://mists.westkingdom.org/branches-groups/#wolfscairn,,2026-06-22
