type,id,name,kingdom,parent kingdom
state,1,Alabama,Kingdom of Meridies,
state,2,Alaska,Principality of Oertha,Kingdom of the West
state,4,Arizona,Kingdom of Atenveldt,
state,5,Arkansas,Kingdom of Gleann Abhann,
state,6,California,Kingdom of the West,
state,8,Colorado,Kingdom of the Outlands,
state,9,Connecticut,Kingdom of the East,
state,10,Delaware,Kingdom of the East,
state,11,District of Columbia,Kingdom of Atlantia,
state,12,Florida,Kingdom of Trimaris,
state,13,Georgia,Kingdom of Meridies,
state,15,Hawaii,Kingdom of Caid,
state,16,Idaho,Kingdom of Artemisia,
state,17,Illinois,Kingdom of the Middle,
state,18,Indiana,Kingdom of the Middle,
state,19,Iowa,Kingdom of Calontir,
state,20,Kansas,Kingdom of Calontir,
state,21,Kentucky,Kingdom of the Middle,
state,22,Louisiana,Kingdom of Gleann Abhann,
state,23,Maine,Kingdom of the East,
state,24,Maryland,Kingdom of Atlantia,
state,25,Massachusetts,Kingdom of the East,
state,26,Michigan,Kingdom of the Middle,
state,27,Minnesota,Kingdom of Northshield,
state,28,Mississippi,Kingdom of Gleann Abhann,
state,29,Missouri,Kingdom of Calontir,
state,30,Montana,Kingdom of Artemisia,
state,31,Nebraska,Kingdom of Calontir,
state,32,Nevada,Kingdom of the West,
state,33,New Hampshire,Kingdom of the East,
state,34,New Jersey,Kingdom of the East,
state,35,New Mexico,Kingdom of the Outlands,
state,36,New York,Kingdom of the East,
state,37,North Carolina,Kingdom of Atlantia,
state,38,North Dakota,Kingdom of Northshield,
state,39,Ohio,Kingdom of the Middle,
state,40,Oklahoma,Principality of Vindheim,Kingdom of Ansteorra
state,41,Oregon,Kingdom of An Tir,
state,42,Pennsylvania,Kingdom of AEthelmearc,
state,44,Rhode Island,Kingdom of the East,
state,45,South Carolina,Kingdom of Atlantia,
state,46,South Dakota,Kingdom of Northshield,
state,47,Tennessee,Kingdom of Meridies,
state,48,Texas,Kingdom of Ansteorra,
state,49,Utah,Kingdom of Artemisia,
state,50,Vermont,Kingdom of the East,
state,51,Virginia,Kingdom of Atlantia,
state,53,Washington,Kingdom of An Tir,
state,54,West Virginia,Kingdom of AEthelmearc,
state,55,Wisconsin,Kingdom of Northshield,
state,56,Wyoming,Kingdom of the Outlands,
county,6001,Alameda,Principality of the Mists,Kingdom of the West
county,6005,Amador,Principality of Cynagua,Kingdom of the West
county,6009,Calaveras,Principality of Cynagua,Kingdom of the West
county,6013,Contra Costa,Principality of the Mists,Kingdom of the West
county,6017,El Dorado,Principality of Cynagua,Kingdom of the West
county,6019,Fresno,Kingdom of Caid,
county,6025,Imperial,Kingdom of Caid,
county,6027,Inyo,Kingdom of Caid,
county,6029,Kern,Kingdom of Caid,
county,6031,Kings,Kingdom of Caid,
county,6037,Los Angeles,Kingdom of Caid,
county,6039,Madera,Kingdom of Caid,
county,6041,Marin,Principality of the Mists,Kingdom of the West
county,6043,Mariposa,Kingdom of Caid,
county,6047,Merced,Principality of Cynagua,Kingdom of the West
county,6055,Napa,Principality of the Mists,Kingdom of the West
county,6059,Orange,Kingdom of Caid,
county,6061,Placer,Principality of Cynagua,Kingdom of the West
county,6065,Riverside,Kingdom of Caid,
county,6067,Sacramento,Principality of Cynagua,Kingdom of the West
county,6071,San Bernardino,Kingdom of Caid,
county,6073,San Diego,Kingdom of Caid,
county,6075,San Francisco,Principality of the Mists,Kingdom of the West
county,6077,San Joaquin,Principality of Cynagua,Kingdom of the West
county,6079,San Luis Obispo,Kingdom of Caid,
county,6081,San Mateo,Principality of the Mists,Kingdom of the West
county,6083,Santa Barbara,Kingdom of Caid,
county,6085,Santa Clara,Principality of the Mists,Kingdom of the West
county,6087,Santa Cruz,Principality of the Mists,Kingdom of the West
county,6095,Solano,Principality of the Mists,Kingdom of the West
county,6097,Sonoma,Principality of the Mists,Kingdom of the West
county,6099,Stanislaus,Principality of Cynagua,Kingdom of the West
county,6101,Sutter,Principality of Cynagua,Kingdom of the West
county,6107,Tulare,Kingdom of Caid,
county,6109,Tuolumne,Principality of Cynagua,Kingdom of the West
county,6111,Ventura,Kingdom of Caid,
county,6113,Yolo,Principality of Cynagua,Kingdom of the West
county,6115,Yuba,Principality of Cynagua,Kingdom of the West
county,12091,Okaloosa,Kingdom of Meridies,
county,12113,Santa Rosa,Kingdom of Meridies,
county,12131,Walton,Kingdom of Meridies,
county,12033,Escambia,Kingdom of Meridies,
county,16009,Benewah,Kingdom of An Tir,
county,16017,Bonner,Kingdom of An Tir,
county,16021,Boundary,Kingdom of An Tir,
county,16035,Clearwater,Kingdom of An Tir,
county,16049,Idaho,Kingdom of An Tir,
county,16055,Kootenai,Kingdom of An Tir,
county,16057,Latah,Kingdom of An Tir,
county,16061,Lewis,Kingdom of An Tir,
county,16069,Nez Perce,Kingdom of An Tir,
county,16079,Shoshone,Kingdom of An Tir,
county,32003,Clark,Kingdom of Caid,
county,32023,Nye,Kingdom of the West,
county,36003,Allegany,Kingdom of AEthelmearc,
county,36009,Cattaraugus,Kingdom of AEthelmearc,
county,36013,Chautauqua,Kingdom of AEthelmearc,
county,36029,Erie,Kingdom of AEthelmearc,
county,36037,Genesee,Kingdom of AEthelmearc,
county,36051,Livingston,Kingdom of AEthelmearc,
county,36055,Monroe,Kingdom of AEthelmearc,
county,36063,Niagara,Kingdom of AEthelmearc,
county,36069,Ontario,Kingdom of AEthelmearc,
county,36073,Orleans,Kingdom of AEthelmearc,
county,36101,Steuben,Kingdom of AEthelmearc,
county,36117,Wayne,Kingdom of AEthelmearc,
county,36121,Wyoming,Kingdom of AEthelmearc,
county,36123,Yates,Kingdom of AEthelmearc,
county,36045,Jefferson,Kingdom of AEthelmearc,
county,36049,Lewis,Kingdom of AEthelmearc,
county,36099,Seneca,Kingdom of AEthelmearc,
county,36075,Oswego,Kingdom of AEthelmearc,
county,36065,Oneida,Kingdom of AEthelmearc,
county,36097,Schuyler,Kingdom of AEthelmearc,
county,36015,Chemung,Kingdom of AEthelmearc,
county,36043,Herkimer,Kingdom of AEthelmearc,
county,36011,Cayuga,Kingdom of AEthelmearc,
county,36067,Onondaga,Kingdom of AEthelmearc,
county,36053,Madison,Kingdom of AEthelmearc,
county,36077,Otsego,Kingdom of AEthelmearc,
county,36025,Delaware,Kingdom of AEthelmearc,
county,36007,Broome,Kingdom of AEthelmearc,
county,36107,Tioga,Kingdom of AEthelmearc,
county,36109,Tompkins,Kingdom of AEthelmearc,
county,36023,Cortland,Kingdom of AEthelmearc,
county,36017,Chenango,Kingdom of AEthelmearc,
county,41003,Benton,Principality of the Summits,Kingdom of An Tir
county,41011,Coos,Principality of the Summits,Kingdom of An Tir
county,41015,Curry,Principality of the Summits,Kingdom of An Tir
county,41019,Douglas,Principality of the Summits,Kingdom of An Tir
county,41029,Jackson,Principality of the Summits,Kingdom of An Tir
county,41033,Josephine,Principality of the Summits,Kingdom of An Tir
county,41035,Klamath,Principality of the Summits,Kingdom of An Tir
county,41037,Lake,Principality of the Summits,Kingdom of An Tir
county,41039,Lane,Principality of the Summits,Kingdom of An Tir
county,41041,Lincoln,Principality of the Summits,Kingdom of An Tir
county,41043,Linn,Principality of the Summits,Kingdom of An Tir
county,41047,Marion,Principality of the Summits,Kingdom of An Tir
county,42011,Berks,Kingdom of the East,
county,42017,Bucks,Kingdom of the East,
county,42025,Carbon,Kingdom of the East,
county,42029,Chester,Kingdom of the East,
county,42041,Cumberland,Kingdom of the East,
county,42043,Dauphin,Kingdom of the East,
county,42045,Delaware,Kingdom of the East,
county,42071,Lancaster,Kingdom of the East,
county,42077,Lehigh,Kingdom of the East,
county,42091,Montgomery,Kingdom of the East,
county,42095,Northampton,Kingdom of the East,
county,42099,Perry,Kingdom of the East,
county,42101,Philadelphia,Kingdom of the East,
county,42107,Schuylkill,Kingdom of the East,
county,42133,York,Kingdom of the East,
county,42075,Lebanon,Kingdom of the East,
county,42001,Adams,Kingdom of the East,
county,42055,Franklin,Kingdom of the East,
county,42057,Fulton,Kingdom of the East,
county,42061,Huntingdon,Kingdom of the East,
county,42087,Mifflin,Kingdom of the East,
county,42067,Juniata,Kingdom of the East,
county,47045,Dyer,Kingdom of Gleann Abhann,
county,47047,Fayette,Kingdom of Gleann Abhann,
county,47075,Haywood,Kingdom of Gleann Abhann,
county,47077,Henderson,Kingdom of Gleann Abhann,
county,47097,Lauderdale,Kingdom of Gleann Abhann,
county,47109,McNairy,Kingdom of Gleann Abhann,
county,47113,Madison,Kingdom of Gleann Abhann,
county,47131,Obion,Kingdom of Gleann Abhann,
county,47157,Shelby,Kingdom of Gleann Abhann,
county,47167,Tipton,Kingdom of Gleann Abhann,
county,47183,Weakley,Kingdom of Gleann Abhann,
county,47095,Lake,Kingdom of Gleann Abhann,
county,47053,Gibson,Kingdom of Gleann Abhann,
county,47033,Crockett,Kingdom of Gleann Abhann,
county,47017,Carroll,Kingdom of Gleann Abhann,
county,47023,Chester,Kingdom of Gleann Abhann,
county,47069,Hardeman,Kingdom of Gleann Abhann,
county,48141,El Paso,Kingdom of the Outlands,
county,48229,Hudspeth,Kingdom of the Outlands,
county,53029,Island,Principality of Tir Righ,Kingdom of An Tir
county,53055,San Juan,Principality of Tir Righ,Kingdom of An Tir
county,53057,Skagit,Principality of Tir Righ,Kingdom of An Tir
county,53073,Whatcom,Principality of Tir Righ,Kingdom of An Tir
county,56003,Big Horn,Kingdom of Artemisia,
county,56013,Fremont,Kingdom of Artemisia,
county,56017,Hot Springs,Kingdom of Artemisia,
county,56023,Lincoln,Kingdom of Artemisia,
county,56029,Park,Kingdom of Artemisia,
county,56035,Sublette,Kingdom of Artemisia,
county,56037,Sweetwater,Kingdom of Artemisia,
county,56039,Teton,Kingdom of Artemisia,
county,56041,Uinta,Kingdom of Artemisia,
county,21227,Warren County,Kingdom of Meridies,
county,21035,Calloway County,Kingdom of Meridies,
county,21213,Simpson,Kingdom of Meridies,
county,21003,Allen,Kingdom of Meridies,
county,13245,Richmond,Kingdom of Atlantia,
province,CA-AB,Alberta,Kingdom of Avacal,
province,CA-BC,British Columbia,Kingdom of An Tir,
province,CA-MB,Manitoba,Kingdom of Northshield,
province,CA-NB,New Brunswick,Principality of Tir Mara,Kingdom of the East
province,CA-NL,Newfoundland and Labrador,Principality of Tir Mara,Kingdom of the East
province,CA-NS,Nova Scotia,Principality of Tir Mara,Kingdom of the East
province,CA-NT,Northwest Territories,Kingdom of Avacal,
province,CA-ON,Ontario,Kingdom of Ealdormere,
province,CA-PE,Prince Edward Island,Principality of Tir Mara,Kingdom of the East
province,CA-QC,Quebec,Principality of Tir Mara,Kingdom of the East
province,CA-SK,Saskatchewan,Kingdom of Avacal,
province,CA-YT,Yukon,Kingdom of An Tir,
country,Albania,Albania,Kingdom of Drachenwald,
country,Australia,Australia,Kingdom of Lochac,
country,Austria,Austria,Kingdom of Drachenwald,
country,Belgium,Belgium,Kingdom of Drachenwald,
country,Bosnia and Herzegovina,Bosnia and Herzegovina,Kingdom of Drachenwald,
country,Bulgaria,Bulgaria,Kingdom of Drachenwald,
country,Croatia,Croatia,Kingdom of Drachenwald,
country,Czechia,Czechia,Kingdom of Drachenwald,
country,Denmark,Denmark,Kingdom of Drachenwald,
country,Estonia,Estonia,Kingdom of Drachenwald,
country,Finland,Finland,Kingdom of Drachenwald,
country,France,France,Kingdom of Drachenwald,
country,Germany,Germany,Kingdom of Drachenwald,
country,Greece,Greece,Kingdom of Drachenwald,
country,Hungary,Hungary,Kingdom of Drachenwald,
country,Iceland,Iceland,Kingdom of Drachenwald,
country,Italy,Italy,Kingdom of Drachenwald,
country,Kosovo,Kosovo,Kingdom of Drachenwald,
country,Latvia,Latvia,Kingdom of Drachenwald,
country,Lithuania,Lithuania,Kingdom of Drachenwald,
country,Luxembourg,Luxembourg,Kingdom of Drachenwald,
country,Macedonia,Macedonia,Kingdom of Drachenwald,
country,Moldova,Moldova,Kingdom of Drachenwald,
country,Montenegro,Montenegro,Kingdom of Drachenwald,
country,Netherlands,Netherlands,Kingdom of Drachenwald,
country,New Zealand,New Zealand,Kingdom of Lochac,
country,North Macedonia,North Macedonia,Kingdom of Drachenwald,
country,Norway,Norway,Kingdom of Drachenwald,
country,Panama,Panama,Kingdom of Trimaris,
country,Poland,Poland,Kingdom of Drachenwald,
country,Portugal,Portugal,Kingdom of Drachenwald,
country,Romania,Romania,Kingdom of Drachenwald,
country,Serbia,Serbia,Kingdom of Drachenwald,
country,Slovakia,Slovakia,Kingdom of Drachenwald,
country,Slovenia,Slovenia,Kingdom of Drachenwald,
country,Spain,Spain,Kingdom of Drachenwald,
country,Sweden,Sweden,Kingdom of Drachenwald,
country,Switzerland,Switzerland,Kingdom of Drachenwald,
country,Thailand,Thailand,Principality of the Marches,Kingdom of the West
country,Ukraine,Ukraine,Kingdom of Drachenwald,
country,United Kingdom,United Kingdom,Principality of Insulae Draconis,Kingdom of Drachenwald
country,Ireland,Ireland,Principality of Insulae Draconis,Kingdom of Drachenwald
country,Vietnam,Vietnam,Principality of the Marches,Kingdom of the West
country,South Korea,South Korea,Principality of the Marches,Kingdom of the West
country,Japan,Japan,Principality of the Marches,Kingdom of the West
territory,Guam,Guam,Principality of the Marches,Kingdom of the West
cd,3558,Thunder Bay,Kingdom of Northshield,
cd,3559,Rainy River,Kingdom of Northshield,
cd,3560,Kenora,Kingdom of Northshield,
continent,Antarctica,Antarctica,Kingdom of Lochac,
county,26053,Gogebic,Kingdom of Northshield,
county,26131,Ontonagon,Kingdom of Northshield,
county,26083,Keweenaw,Kingdom of Northshield,
county,26061,Houghton,Kingdom of Northshield,
county,26013,Baraga,Kingdom of Northshield,
county,26071,Iron,Kingdom of Northshield,
county,26103,Marquette,Kingdom of Northshield,
county,26043,Dickinson,Kingdom of Northshield,
county,26109,Menominee,Kingdom of Northshield,
county,26041,Delta,Kingdom of Northshield,
county,26003,Alger,Kingdom of Northshield,
county,26153,Schoolcraft,Kingdom of Northshield,
county,26095,Luce,Kingdom of Northshield,
county,26033,Chippewa,Kingdom of Northshield,
county,26097,Mackinac,Kingdom of Northshield,
